城市,关键字,职位名称,反馈率,公司名称,职位月薪,工作地点,公布时间,职位链接,岗位职责,技能要求,公司地址,保存时间,公司地点,公司性质,公司规模,工作经验,学历要求,职业薪水
北京,.net,.Net高级软件工程师,98%,北京云财信息技术有限公司,15000-30000,北京-海淀区,最新,http://jobs.zhaopin.com/372877180250018.htm,,1、熟练掌握asp.net(c#)服务端语言；2、精通Javascript脚本语言，精通HTML代码、CSS规范；熟练掌握JQuery；3、掌握数据库技术，有SQLSERVER应用开发的经验，对SQL优化有一定的了解；4、有很好的沟通能力，学习能力强、理解能力强；5、计算机，通讯，电子类相关专业统招本科及以上学历；6，仅限二本以上学校及专业。,海淀区上地中关村软件园4号楼D座3层,2018-03-18,北京-海淀区,民营,20-99人,,本科,15000-30000元/月
北京,.net,.NET高级软件工程师,87%,北京国信普瑞德科技发展有限公司,10001-15000,北京,最新,http://jobs.zhaopin.com/12089110690250205000.htm,,1、计算机及相关专业本科及以上学历，具备良好的数据结构、软件工程等计算机软件基础理论知识。2、精通.NET开发工具，精通C#语言及ASP.net开发；3、有三个以上B/S项目参与开发经验，对企业应用系统深入理解；4、有进销存系统、管理信息系统开发经验者优先；5、精通数据库基本原理，有MicrosoftSQLserver开发经验；6、人品正直、诚信，具备较强的责任心和团队合作精神，良好的职业道德及沟通能力；7、对新技术新知识敏感，有较强的学习和吸收能力；8、良好的编程风格，工作积极主动，有独立工作能力，有创造性，责任心强，刻苦耐劳，能承受较大的工作压力；,北京市西城区,2018-03-18,北京,民营,20-99人,3-5年,本科,10001-15000元/月
北京,.net,.NET软件工程师,59%,北京国信普瑞德科技发展有限公司,6000-10000,北京,最新,http://jobs.zhaopin.com/12089110690250203000.htm,,1.一年以上.NET项目开发经验；2.熟悉.NET设计模式及建模工具；3.Web开发技术基础扎实、全面；充分了解Web应用开发流程，对Web开发应用架构有清晰的认知；4.精通ASP.NET、JavaScript、Html、CSS、XML、Ajax开发；5.熟悉ASP.Net MVC开发架构，对WCF、WebApi有一定的开发经验。6.熟练使用SQLSERVER或MySQL数据库开发；7.责任心强，学习能力和团队合作精神强，能够承受较强的工作压力， 思维清晰，良好的沟通能力和表达能力；,北京市西城区,2018-03-18,北京,民营,20-99人,1-3年,大专,6000-10000元/月
北京,.net,C# 、ASP.net 软件工程师,53%,北京乐鸟科技有限公司,6001-8000,北京,最新,http://jobs.zhaopin.com/CC274658338J00025238812.htm,,具备独立完成项目能力。7、热爱编程，刻苦学习，有意向在“云架构”产品研发继续学习。8、计算机或相关专业大专及以上学历；工作内容1、参与系统的需求调研和需求分析，撰写相关技术文档2、搭建系统开发环境，完成系统框架和核心代码的实现3、项目概要设计、详细设计、开发计划等编创与实施4、系统开发测试、部署和集成5、负责解决开发、运行过程中的技术问题6、参与代码维护与备份7、协助上级完成任务和公司产品的推广开发产品1、云服务器，物联网通讯数据的服务程序编写C#语言。2、客户端软件的编写，属于物联网终端。3、服务器端C#软件编写，管理服务器和用户数据管理查看。4、云数据中心。,北京市昌平区沙河万家创业园7号楼3层7312房间,2018-03-18,北京,合资,20-99人,1-3年,本科,6001-8000元/月
北京,.net,.net高级软件工程师,72%,无敌猫信息技术(北京)有限公司,16000-23000,北京,最新,http://jobs.zhaopin.com/49830382490250018000.htm,1.三年以上NET平台开发经验；2.精通C#语言，熟悉VisualStudio集成开发环境，熟练配置服务器IIS； 3.熟悉HTTP协议，熟悉HTML、JAVASCRIPT/AJAX、DIV+CSS、XML等相关Web l ,1.精通SQL语言，掌握SQLServer数据库设计与开发，了解数据库管理、性能优化等基本操作技能； 2.深入理解B/S架构，掌握NET平台的开发模型与框架； 3.熟悉设计模式，具有较强的面向对象的分析和设计能力，能熟练应用设计模式； 4.在项目中使用过WCF/WebService技术； 5.具有较强的责任心，良好的沟通能力，认真实干的工作态度；6.有各行业ERP系统开发经验者优先。,北京市海淀区西三旗富力桃园12号楼B1-101号,2018-03-18,北京,民营,20人以下,3-5年,不限,16000-23000元/月
北京,.net,.net软件工程师,66%,无敌猫信息技术(北京)有限公司,12000-16000,北京,最新,http://jobs.zhaopin.com/49830382490250019000.htm,1.两年以上NET平台开发经验；2.精通C#语言，熟悉VisualStudio集成开发环境，熟练配置服务器IIS； 3.熟悉HTTP协议，熟悉HTML、JAVASCRIPT/AJAX、DIV+CSS、XML等相关Web l ,1.精通SQL语言，掌握SQLServer数据库设计与开发，了解数据库管理、性能优化等基本操作技能； 2.深入理解B/S架构，掌握NET平台的开发模型与框架； 3.熟悉设计模式，具有较强的面向对象的分析和设计能力，能熟练应用设计模式； 4.在项目中使用过WCF/WebService技术； 5.具有较强的责任心，良好的沟通能力，认真实干的工作态度；6.有各行业ERP系统开发经验者优先。,北京市海淀区西三旗富力桃园12号楼B1-101号,2018-03-18,北京,民营,20人以下,3-5年,不限,12000-16000元/月
北京,.net,.NET软件开发工程师 (北京),,北京乐在指尖科技有限公司,10000-15000,北京,最新,http://jobs.zhaopin.com/CZ266593930J00029485914.htm,,,朝阳区汉威大厦,2018-03-18,北京,民营,20-99人,3-5年,本科,10000-15000元/月
北京,.net,.net软件工程师,,北京金木堂文化发展有限公司,10000-17000,北京,最新,http://jobs.zhaopin.com/670237728250469.htm,1、负责公司技术平台的技术开发和维护。2、完成领导安排的其他工作。,1.2-3年.net开发经验；2.熟练掌握C#、精通wpf；mvvm模式（做过项目也可以）、多线程等技术；,北京市朝阳区管庄乡1号北岛大厦A401,2018-03-18,北京,民营,20-99人,3-5年,本科,10000-17000元/月
北京,.net,.net高级软件开发工程师,,竞优信息技术(上海)有限公司北京分公司,10001-15000,北京,最新,http://jobs.zhaopin.com/152665014250111.htm,1.参与项目前期分析和设计工作，协助进行UML和流程的整理，编写相关文档2.负责核心框架与核心代码的开发3.负责指导开发人员进行功能的开发4.负责功能代码质量审核工作，并控制算法和编写规范5.参与系统部署工作，并编写相关文档6.参与技术培训和资料编写工作,1.26-35岁，本科以上学历，计算机相关专业2.四年以上.NET开发经验，精通ASP.Net、ADO.Net等.NET框架技术3.精通面向对象编程和设计，能够使用UML、Viso进行业务分析和流程设计4.熟练使用vs，并可以进行代码调试、单元测试5.精通MSSQLSERVER或Oracle数据库，具备数据建模能力6.精通Javascript、Ajax、css、Jquery等前端Web应用7.具备很强的学习能力及解决技术难题能力8.具备良好的代码编写习惯，对工作有责任心，具有良好的沟通和团队协作能力,北京市朝阳区八里庄西里100号住邦2000商务中心2号楼,2018-03-18,北京,外商独资,100-499人,3-5年,本科,10001-15000元/月
北京,.net,.net软件开发工程师,,竞优信息技术(上海)有限公司北京分公司,8001-10000,北京,最新,http://jobs.zhaopin.com/152665014250107.htm,1.负责业务模块代码编写工作2.负责代码单元测试工作，并编写相关文档3.按时按量完成功能的开发工作4.与测试工程协同，完成程序修改，解决系统bug,1.24-35岁，本科以上学历，计算机相关专业2.两年以上ASP.NET实际开发经验，熟悉asp.netado.net3.能熟练使用vs2010或vs2012进行开发和调试的工作4.熟悉MSSQLServer或Oracle数据库，了解视图、存储过程、函数等数据库对象5.熟悉javascript、ajax、css、jquery等web技术6.良好的代码规范能力和文档编写能力7.良好的团队合作精神、较强的自学能力和问题分析能力,北京市朝阳区八里庄西里100号住邦2000商务中心2号楼,2018-03-18,北京,外商独资,100-499人,,本科,8001-10000元/月
北京,.net,软件工程师（.NET/C#/WPF/WinForm）方向,,北京华医共享医疗科技有限公司,8000-16000,北京,最新,http://jobs.zhaopin.com/CC245912133J00030047912.htm,1、负责医疗软件平台工作流模块的开发和维护工作。参与需求分析、架构设计及详细设计文档的编写。2、独立完成功能模块的设计、开发及单元测试；3、完成项目中各阶段文档的书写（软件需求、概要设计、详细设计、单元测试）；4、对开发的产品进行优化、创新，深层次地满足公司或客户需求；5、负责及时反馈实际工作中遇到的问题，开发中的情况，并根据实际情况提出改进及建议；6、参与软件开发和维护过程中重大技术问题的解决；7、完成领导安排的其他工作；,1、2年以上C/S架构产品开发及架构和设计经验；2、精通C#语言，熟悉VisualStudio开发平台；3、熟悉WPF、WP/UWP、XML、或WINFORM编程，对UI开发有丰富经验；4、熟悉对象化编程、设计模式等理念；5、熟练使用MySQL数据库6、对WPF技术及整个解决方案有深刻的理解及熟练的应用，精通设计模式，并在此基础上设计产品框架；7、有医疗软件开发经验者优先，有.NetCore、WebService开发经验者优先；8、良好的语言表达、沟通能力、协调能力、团队合作和具有吃苦耐劳的精神；9、有互联网医疗领域工作经历；,海淀区花园东路10号高德大厦401,2018-03-18,北京,民营,100-499人,1-3年,大专,8000-16000元/月
北京,.net,.NET软件开发工程师,52%,北京宏贤达物流集团有限公司,10000-16000,北京,最新,http://jobs.zhaopin.com/131692154250407.htm,1、能独立设计相关框架和应用模块，参与物流电子商务平台系统需求分析，架构设计，开发，升级，优化及维护；2、负责物流系统的日常运维与响应支持；3、熟悉图书物流行业ERP，有相关项目经验者优先；4、具备良好的逻辑思维，分析和解决问题的能力；5、有强烈的责任心，和良好的团队协作能力。,1、计算机相关专业专科以上学历，.NET开发工作3年以上开发经验；2、精通.NET平台、C#，.NETFramework框架，ASP.Net、MVC、C#、Web API、Web Service、html、css、ajax等，熟悉企业级应用的设计与开发，B/S相关的开发技术并熟练使用Visual Studio开发环境；3、需熟悉Sliverlight开发及WPF开发；4、熟悉Windows Server服务器、iis服务等，有能力独立解决服务器相关问题；5、熟悉android代码开发，能独立完成android项目；6、熟悉并掌握SQL SERVER数据库的应用、开发、调优及SQL存储过程编写，有海量数据处理经验；7、有基本的数据结构，算法等知识，对面向对象编程思想有深刻理解并根据设计文档完成较高复杂度的模块开发；8、国家统招学历本科及以上享受高额学历薪资补贴；9、工作地点大兴或固安。,大兴区黄村镇桂村贵达路3号,2018-03-18,北京,民营,1000-9999人,3-5年,大专,10000-16000元/月
北京,.net,.NET C/S工程师20180104,,北京华宇泰聚科技有限公司,8000-12000,北京-海淀区,最新,http://jobs.zhaopin.com/638724227250971.htm,,,北京市海淀区,2018-03-18,北京-海淀区,民营,20-99人,,不限,8000-12000元/月
北京,.net,.net工程师20180104,,北京华宇泰聚科技有限公司,8000-12000,北京-海淀区,最新,http://jobs.zhaopin.com/638724227250970.htm,,1、精通ASP.NET开发，熟悉.NET平台框架；并有两年以上asp.net网站实际开发工作经验；2、熟练掌握HTML，DIV，CSS，JavaScript，Ajax，jquery等WEB前端技术。能够独立快速完成网站页面的页面动态效果，确保各浏览器兼容；3、熟练应用ASP.NET，精通C#语言，具有良好的编程习惯，掌握ASP.NET MVC基础；4、熟悉MSSQL等数据库，能够编写基本SQL语言；5、熟悉面向对象编程和多层架构的设计和开发，了解设计模式；,北京市海淀区,2018-03-18,北京-海淀区,民营,20-99人,1-3年,不限,8000-12000元/月
北京,.net,ASP.NET高级研发工程师,,北京联达动力信息科技股份有限公司,10001-15000,北京-海淀区,最新,http://jobs.zhaopin.com/000583386251191.htm,1、根据业务要求完成系统模块的设计、研发及核心代码维护工作。2、参与产品的系统分析、设计及相关文档的编写。3、解决系统中的关键问题和技术难题。4、根据开发情况，提出产品的改进意见或合理需求。5、带领和指导开发工程师及外包人员开展研发工作。,1、深刻理解.NET架构，精通C#、ASP.NETWebForm、WebAPI、WebService、WCF、ADO.NET等开发技术，熟悉多层结构开发，具有面向对象的编程思想。2、熟练掌握JavaScript，CSS，HTML5，AJAX等前端技术，熟悉流行JS框架（如Node.js、jQuery、Vue.js等），了解主流浏览器特性，熟悉Web缓存方案，对Web性能优化有独到的见解。3、.熟练使用sqlserver、Oracle等数据库，熟练编写存储过程，对数据库优化有一定的了解。4、本科以上学历，计算机相关专业，4年及以上实际开发工作经验。5、逻辑思维清晰，良好的系统设计、分析和解决问题的技巧。6、具有良好的编程风格，规范化、标准化的代码编写习惯，具备独立开发能力，工作认真负责，有良好沟通和理解能力，富有团队合作精神。7、有医院办公系统或OA研发相关经验者优先。,北京市海淀区海淀大街38号银科大厦2206-2208,2018-03-18,北京-海淀区,上市公司,100-499人,3-5年,本科,10001-15000元/月
北京,.net,.net 高级软件工程师,,北京亿居神州科技有限公司,8001-10000,北京-海淀区,最新,http://jobs.zhaopin.com/469235621250002.htm,1、负责公司政务系统项目程序开发；2、按要求和计划实现代码编写、调试、测试组织，编写开发文档；3、协助项目经理分析客户需求、完成功能定义和程序设计；4、配合执行项目经理安排的其他任务。,1、计算机或相关专业本科以上学历。2、精通基于VisualStudio.NET2005、2010开发工具环境下的开发工作，熟悉微软.NET体系架构，三年以上软件项目开发经验；3、思维严谨，逻辑清楚，有一定编写技术文档的能力；4、有良好的团队合作能力，善于沟通。能承受较大工作；5、有电子政务项目开发管理经验，或通过国家软考且具备职称资格证书者优先考虑。,北京市海淀区知春路128号泛亚大厦903室,2018-03-18,北京-海淀区,民营,20-99人,3-5年,本科,8001-10000元/月
北京,.net,.NET开发程序员,,北京华夏迅联信息技术有限公司,5000-9000,北京-海淀区,最新,http://jobs.zhaopin.com/285584214250092.htm, (1)基于WEB的系统应用软件开发，具有优秀的需求理解、系统分析、设计和文档编写能力； (2)具有和客户、开发队伍以及其他相关部门的沟通能力； (3)监控网站的功能的稳定性和完善网站的人性化需求； (4)验证测试已经解决的问题和新增的功能； (5)做好源文件的整理备份； (6)理解能力强，逻辑性好，有较强的新技术学习能力； (7)有良好的编码规范。工作认真、严谨、负责； (8)具有项目开发经验及良好沟通和团队精神，独立分析与解决问题的能力。专业技能(1)熟悉C#、C++，熟练使用集成开发工具进行应用程序的开发。(2)精通 HTML，CSS，JavaScript，jQuery，easyUI，dom，ajax，XML，cache缓存等开发技术。(3)熟悉.NET下的CS/BS开发，有ASP.NET MVC，WPF、WinFrom开发经验。(4)熟练使用SQLServer、MySQL等数据库进行应用程序开发。(5)熟练运用GUI、Axure等UI设计工具，具有丰富的需求分析经验。(6)熟练使用SQLServer或MySQL等关系数据库，掌握数据库索引、游标、函数、存储过程等相关调优；(7)了解微信、WAP、移动APP等移动互联网开发技术，熟悉Html5；(8)能自己搭建框架（包括数据库的设计）(9)了解JAVA、PHP语言。优选条件（大数据--最好掌握一至二项）---------------------------------------------------------------------------, (1)计算机或IT相关专业，本科以上学历，1-3年工作经验；熟悉.NETMVC架构，并有其编程经验者优先考虑； (2)熟悉.NETFramework架构，并有其编程经验； (3)熟悉三层架构；熟练使用C#语言； (4)熟练掌握ADO.NET、ASP.NET、WebService等编程技术； (5)熟悉SQLServer数据库，熟练掌握T-SQL语句及编程； (6)熟悉JAVASCRIPT、VBSCRIPT、XML，能开发高效的页面程序； (7)熟练掌握VisualStudio.NET开发工具，能够熟练开发WEB、WIN应用软件。,北京市海淀区上地三街9号嘉华大厦,2018-03-18,北京-海淀区,民营,20-99人,1-3年,本科,5000-9000元/月
北京,.net,中、高级.NET开发工程师,,北京中诺智电科技有限公司,8000-12000,北京,最新,http://jobs.zhaopin.com/CC636980520J00029564514.htm,1、负责相关产品或项目的需求调研和需求分析、系统设计，并编写相关技术文档；2、精通B/S框架开发，负责项目系统框架架构和核心代码编写，为能解决开发中的技术难题；3、精通后端底层框架技术，及相应的设计模式，能独立完成模块的设计、编码、测试工作，有良好的编码习惯；4、按公司业务需求，带领团队按质按时完成项目开发任务；5、很强的分析能力，解决问题和修复软件bug的能力；6、逻辑思维清晰，具有良好的口头与书面交流能力，较好的团队合作能力和沟通能力。,1、计算机及相关专业，3年以上工作经验或有三个以上C/S或B/S大中型项目开发经验；2、熟练掌握.Net开发框架，熟悉.NetMVC/MVP编程架构；理解面向对象（OO）编程思想，熟悉常用的设计模式，熟悉UML；3、精通数据库基本原理，有Oracle/MicrosoftSQLserver/MySql开发经验，熟练应用SQL语言，存储过程，触发器；4、了解企业管理软件，了解系统安全，性能优化等方面技术，有进销存系统、ERP系统开发经验者优先；5、熟悉HTML、JavaScript、JQuery、LinQ、CSS、XML、WebService、AJAX等技术；6、有互联网电商项目开发经验者优化。7、两周内到岗,北京市昌平区北控宏创科技园6号楼301,2018-03-18,北京,股份制企业,100-499人,3-5年,本科,8000-12000元/月
北京,.net,急聘 急聘 .NET开发工程师（MVC、B/S开发）,,北京华夏迅联信息技术有限公司,5000-10000,北京-海淀区,最新,http://jobs.zhaopin.com/285584214250105.htm,1、参与项目研发工作，负责后台业务逻辑及数据通信接口的开发实现；2、根据功能需求、进行系统架构规划与设计，完成系统模块的设计、开发工作；3、依据功能需求、数据通信接口定义模版、数据接口定义，具体实现数据通信接口的开发工作；4、负责项目业务逻辑系统的单元测试；5、编写设计文档及单元测试；6、主动发现问题，及时向主管反馈；, (1)、计算机或IT相关专业，统招、本科以上学历，1-3年工作经验；  (2)、熟悉.NETMVC架构，并有其编程经验者优先考虑； (3)、熟悉.NETFramework架构，并有其编程经验； (4)、熟悉三层架构；熟练使用C#语言； (5)、熟练掌握ADO.NET、ASP.NET、WebService等编程技术； (6)、熟悉SQLServer数据库，熟练掌握T-SQL语句及编程； (7)、熟悉Javascript、VBSCRIPT、XML，能开发高效的页面程序； (8)、熟练掌握VisualStudio.NET开发工具，能够熟练开发WEB、WIN应用软件；福利待遇1.公司另设年终金、饭补、交通补助、过节费等；2.公司将根据业务发展以及员工的工作情况，不定期地为员工提供内部培训和技术分享；3.提供“五险一金”和良好的职业发展空间。工作地址北京市海淀区上地三街9号嘉华大厦,北京市海淀区上地三街9号嘉华大厦工作地址北京市海淀区上地三街9号嘉华大厦,2018-03-18,北京-海淀区,民营,20-99人,1-3年,本科,5000-10000元/月
北京,.net,.Net工程师,,北京南天软件有限公司,8001-10000,北京,最新,http://jobs.zhaopin.com/144900698250538.htm,,1、大学本科及以上学历，1-3年.NET开发经验；2、精通ASP.NET(C#)、JQuery，XML、CSS、AJAX等语言或Web技术，能独立完成系统功能模块设计、代码编写、系统优化等；3、熟悉Windows Service、Web Service/WCF以及多线程编程技术；4、理解.net多层机制， 熟练掌握B/S模式开发；5、熟悉SQL2008或sqlserver数据库系统；6、有MicrosoftDynamicsCRM、Sharepoint2010开发经验者或储存过程、视图等经验优先者考虑；7、有较强的自学能力，有良好的职业素养；8、善于并乐于各式沟通，具备极强的团队精神和工作热情；9、工作地点阜成门或石景山万达广场南侧,北京市海淀区上地信息路十号南天软件园,2018-03-18,北京,上市公司,1000-9999人,1-3年,本科,8001-10000元/月
北京,.net,.net开发工程师,,北京中软环球信息技术有限公司,8001-10000,北京,最新,http://jobs.zhaopin.com/281743633250023.htm,1.根据项目具体要求，承担开发任务，按计划完成任务目标；2.参与项目需求的系统分析与设计；3.根据开发规范与流程独立完成模块的设计、编码、测试及相关文档4.对完成的代码进行检查和优化，提高系统易用性和性能。,1.本科以上学历，2-3年以上软件开发经验；2.精通.net(c#)开发语言，有良好的编程习惯；3.熟悉B/S框架，熟悉.NETFramework框架，了解MVC的架构模式;4.熟悉SQLSERVER、oracle至少一种数据库，包括SQL语句优化、存储过程、视图等技术应用；5.熟练使用JavaScript及Ajax开发；6.了解Html、CSS、HTML5、BootStrap等前端技术，了解WebService开发；7.具有一定的需求理解和分析能力，能承担一定的工作压力；8.有良好的团队协作和沟通能力，做事积极主动、认真踏实，有强烈的责任心；9.有大型项目软件开发经验者优先。,北京市,2018-03-18,北京,股份制企业,100-499人,1-3年,大专,8001-10000元/月
北京,.net,Asp.Net / Java开发工程师,,北京英孚泰克信息技术股份有限公司,15001-20000,北京,最新,http://jobs.zhaopin.com/120151902250592.htm,,,北京市海淀区小南庄路怡秀园甲1号亿德大厦7层,2018-03-18,北京,民营,100-499人,3-5年,本科,15001-20000元/月
北京,.net,C#.NET软件工程师（winform）方向（初级）,,北京英孚泰克信息技术股份有限公司,4001-6000,北京,最新,http://jobs.zhaopin.com/120151902250596.htm,,1.精通C#（winform）；2.熟悉SQLServer，Oracle数据库中的一种或多种，熟练使用SQL脚本/存储过程/触发器等；3.掌握多线程编程、网络编程、串口编程技术中的一种或多种；4.有良好的抽象、总结、沟通和展示能力，良好的团队合作能力；5.熟悉C++的优先考虑；6.有DevExpress开发经验者优先； 工作职责1、根据项目分工，负责维护及编写相关模块的技术文档，完成相应模块软件的设计、开发、编程任务。2、参与软件系统的设计和分析。3、协助项目经理完成项目开发计划。 注工作具体地点在成都双流时代奥特莱斯(龙桥路)附近 ,成都市双流区双流奥特莱斯附近,2018-03-18,北京,民营,100-499人,,本科,4001-6000元/月
北京,.net,C#.net 软件工程师(winform方向)（高级）,,北京英孚泰克信息技术股份有限公司,6001-8000,北京,最新,http://jobs.zhaopin.com/120151902250598.htm,,1.负责系统架构设计、软件设计开发等工作、解决开发过程中疑难问题；2.精通C#（winform），WindowService；3.熟悉SQLServer，Oracle数据库中的一种或多种，熟练使用SQL脚本/存储过程/触发器等；4.掌握多线程编程、网络编程、串口编程技术中的一种或多种；5.有良好的抽象、总结、沟通和展示能力，良好的团队合作能力；6.熟悉C++的优先考虑；7.有DevExpress开发经验者优先； 工作职责1、根据项目需求，参与软件项目需求分析、产品设计工作。2、根据项目分工，负责维护及编写相关模块的技术文档，完成相应模块软件的设计、开发、编程任务。3、负责软件开发技术和规范及标准流程的改进。4、参与软件系统的设计和分析。5、配合部门主管完成相关任务目标。 注工作具体地点在成都双流时代奥特莱斯(龙桥路)附近联系人唐小姐  18030729377 ,成都市武侯区高攀路20号万科汇智中心3栋1211室,2018-03-18,北京,民营,100-499人,,不限,6001-8000元/月
北京,.net,C#.net 软件工程师(winform方向)（中级）,,北京英孚泰克信息技术股份有限公司,6001-8000,北京,最新,http://jobs.zhaopin.com/120151902250600.htm,,1.精通C#（winform）；2.熟悉SQLServer，Oracle数据库中的一种或多种，熟练使用SQL脚本/存储过程/触发器等；3.掌握多线程编程、网络编程、串口编程技术中的一种或多种；4.有良好的抽象、总结、沟通和展示能力，良好的团队合作能力；5.熟悉C++的优先考虑；6.有DevExpress开发经验者优先； 工作职责1、根据项目分工，负责维护及编写相关模块的技术文档，完成相应模块软件的设计、开发、编程任务。2、参与软件系统的设计和分析。3、协助项目经理完成项目开发计划。 注工作具体地点在成都双流时代奥特莱斯(龙桥路)附近联系人唐小姐18030729377 ,成都市武侯区高攀路20号万科汇智中心3栋1211室,2018-03-18,北京,民营,100-499人,,不限,6001-8000元/月
北京,.net,资深.net工程师（wpf/uwp）,,北京友通上昊科技有限公司,10000-20000,北京-大兴区,最新,http://jobs.zhaopin.com/206646211250506.htm,1)       医疗影像/医疗信息系统产品的开发；2)       参与软件架构设计，负责模块详细设计；3)       根据开发进度和任务分配，完成相应模块软件的设计、开发、编程任务；4)       撰写相关技术文档，参与规范及流程的改进；5)       协助研发经理进行需求分析，对产品进行持续化改进与优化。,1)       计算机相关专业毕业，具有两年以上开发工作经验。精通C#语言，熟悉VisualStudio开发平台；2)       熟悉WPF/UWP编程或WINFORM编程，对UI开发有丰富经验；3)       熟悉对象化编程、设计模式等理念；具有网络（WCF）与数据库应用开发经验；4)       有医疗系统研发，超声或放射系统研发等相关经验者优先；有较好的英文读、写与沟通能力者优先。,北京市经济技术开发区科创十四街99号汇龙森科技园二号楼一层,2018-03-18,北京-大兴区,合资,100-499人,1-3年,本科,10000-20000元/月
北京,.net,.net开发工程师,91%,建才(北京)信息技术有限公司,10001-15000,北京-海淀区,招聘中,http://jobs.zhaopin.com/385117915256106.htm,1.根据项目具体要求，承担开发任务，按计划完成任务目标；2.参与项目需求的系统分析与设计；3.根据开发规范与流程独立完成模块的设计、编码、测试及相关文档；4.对完成的代码进行检查和优化，提高产品易用性和性能；,1.本科以上学历，计算机或其他相关专业；2.精通.Net（C#）开发语言，有良好的编程习惯；3.熟悉B/S框架，1年以上相关经验者优先；4.有SQL Server数据库开发使用经验，处理大数据量经验者优先；5.了解MVC的架构模式，熟悉Html、CSS/JS、JavaScript、Jquery；6.以具备开发经验为佳，也欢迎对自己有信心的应届生！员工福利1、过试用期上五险；2、每天一餐水果；每月在公司的日常用品；3、丰厚的激励奖金、苹果手机、平板电脑、笔记本、旅游、活动抽奖等；4、半年一次员工拓展活动；年底年会等多元的文化生活。5、每位员工每月提供100元的部门活动经费，有部门主管组织活动；工作地址海淀分公司海淀中关村北四环西路66号-中国技术交易大厦A座如合适请投递简历或直接电话沟通。联系人任翠芳15321424572/18733508775工作地址海淀分公司北京市海淀中关村北四环西路66号-中国技术交易大厦A座1210室,海淀分公司海淀中关村北四环西路66号-中国技术交易大厦A座如合适请投递简历或直接电话沟通。联系人任翠芳15321424572/18733508775工作地址海淀分公司北京市海淀中关村北四环西路66号-中国技术交易大厦A座1210室工作地址海淀分公司海淀中关村中国技术交易大厦1210室,2018-03-18,北京-海淀区,民营,100-499人,,本科,10001-15000元/月
北京,.net,.NET/C#工程师,,中粮酒业,10000-20000,北京-朝阳区,招聘中,http://jobs.zhaopin.com/120884377302363.htm,1.  适合公司发展需要的软件产品的调研、分析、设计及开发管理2.  对各业务部门提出的开发需求进行梳理、开发工作的组织、实施和维护3. 负责与SAP系统进行数据交互的各类数据接口的设计，开发，维护4. 负责公司其他自开发系统、数据接口的需求分析，架构设计，编码实现工作5. SQLServer数据库的维护及日常管理6. 负责公司BPM审批系统运行维护的部分工作,1、 精通C#语言，熟悉MVC框架技术，有数据接口的设计开发能力2、熟悉HTML5、CSS、JavaScript、JQuery等页面开发技术，能实施网站部署及运维；3、熟练应用SQLServer数据库，并能完成对SQLServer数据库的日常管理；4、熟练掌握.NET开发技术，直接或经过简单培训能在K2引擎基础上进行BPM流程的开发与运维；5、熟悉前端技术者，有APP或者微信开发经验者优先,-,2018-03-18,北京-朝阳区,国企,10000人以上,3-5年,本科,10000-20000元/月
北京,.net,.net开发工程师.,,新东方教育（科技）集团,10001-15000,北京,招聘中,http://jobs.zhaopin.com/120002369303617.htm,1.     根据开发进度和任务分配，完成相应模块的开发、编程任务；2.     对公司现有项目进行维护优化；3.     与团队中其他成员进行有效沟通协作,1、3年以上ASP.NETC#开发工作经验；能够独立工作。2、进行过微信登录、微信支付的开发。3、熟练开发PC端程序。4、熟练使用VisualStudio2013  等相关开发工具；熟悉sql2014数据库。5、熟悉B/S结构，掌握Js、jQeury、html5、XML等技术；6、思路清晰，代码规范，具备良好的分析和解决问题的能力。,北京海淀区新东方大厦,2018-03-18,北京,上市公司,10000人以上,3-5年,本科,10001-15000元/月
北京,.net,.NET中级软件工程师,,扬帆在线(北京)科贸有限公司,8000-16000,北京-海淀区,招聘中,http://jobs.zhaopin.com/165386228250127.htm,1.根据公司系统需求、完成相应系统功能的研发任务； 2.负责系统前台、后台代码编写、单元测试、代码维护工作； 3.负责对外API接口开发；,1.3年以上asp.Net项目开发经验，B/S架构项目经验；2.熟练ASP.NETMVC、JavaScript/Jquery/Ajax、HTML&CSS、XML、C#语言等开发技术；3.熟练在SQLServer2008及以上环境中的视图、存储过程、函数等编写，熟悉基本的数据表优化方法；4.熟悉WCF、WEBAPI、EF、IOC等技术、熟悉常用的设计模式；5.乐于学习，有强烈的责任心和团队合作精神，有很好的适应能力和解决问题的能力；6.有大型电子商务网站经验者优先；薪资福利1.工资8000-16000。2.五险一金，提供住宿；3.双休，法定节假日休息，春节放假十三天；4.本科学历可以帮助办理北京工作居住证。,北京市海淀区上地创业中路36号留学人员海淀创业园二层,2018-03-18,北京-海淀区,民营,100-499人,3-5年,本科,8000-16000元/月
北京,.net,.NET高级软件工程师,,扬帆在线(北京)科贸有限公司,10000-20000,北京-海淀区,招聘中,http://jobs.zhaopin.com/165386228250128.htm,1.负责公司核心产品开发的设计、开发、测试、调试与上线整个产品过程；2.负责公司与合作伙伴、第三方平台的集成对接；3.负责编写过程设计、软件说明书等文档。,1.5年以上asp.Net项目开发经验，B/S架构项目经验；2.熟练ASP.NETMVC、JavaScript/Jquery/Ajax、HTML&CSS、XML、C#语言等开发技术；3.熟练在SQLServer2008及以上环境中的视图、存储过程、函数等编写，熟悉基本的数据表优化方法；4.熟悉WCF、WEBAPI、EF、IOC等技术、熟悉常用的设计模式；5.熟悉Redis的应用6.乐于学习，有强烈的责任心和团队合作精神，有很好的适应能力和解决问题的能力；7.有大型电子商务网站经验者优先；8.大学本科相关专业。薪资福利1.工资10000-20000。2.五险一金，提供住宿；3.双休，法定节假日休息，春节放假十三天；4.本科学历可以帮助办理北京工作居住证。,北京市海淀区上地创业中路36号留学人员海淀创业园二层,2018-03-18,北京-海淀区,民营,100-499人,5-10年,本科,10000-20000元/月
北京,.net,高级.NET开发工程师,,四川华澳新桥集团有限公司,10001-15000,北京,招聘中,http://jobs.zhaopin.com/487054332250358.htm,1.     参与需求设计，评估技术难度和开发周期，难点预研。2.     核心功能架构设计和功能实现。3.     细化功能模块，指导初级开发人员完成功能开发。4.     代码评审（CodeReview），功能检查和测试。5.     功能上线和日常问题处理。6.     架构设计、详细设计、核心代码实现。7.     测试、日常维护、问题处理。8.     需求沟通，分析技术难度和可行性、系统设计。9.     相关接口核心功能开发，检查和上线。10. 集团网站，子系统，支持系统规划设计。11. 协助上级执行规范，审核代码，对初级人员进行培训。12. 日常问题处理，新技术研究推广，指导初级开发人员。13. 完成领导安排的临时性工作。,1.     熟练使用OFFICE，IDEA，SQLSERVER等相关软件。2.     掌握Spring，SpringMVC，Mybatis，Redis，Javascript，Css，Ajax等知识，并灵活应用。3.     熟悉SQLSERVER，MYSQL等大型数据库中的一种或多种，熟练编写SQL语句及SQL优化。4.     有良好的编码习惯。5.     工作态度端正，细致严谨，较强的逻辑分析能力，良好的沟通能力与执行能力。6.     对技术有激情，喜欢钻研，能快速掌握新技能，有较强的自主学习能力。,北京市朝阳区望京保利国际广场T1-803,2018-03-18,北京,民营,1000-9999人,3-5年,本科,10001-15000元/月
北京,.net,ASP.NET(C#)研发工程师,,浙江齐聚科技有限公司北京分公司,10001-15000,北京,最近,http://jobs.zhaopin.com/329225217252110.htm,1、参与后台系统架构设计、功能定义；2、参与项目相关技术文档编写；3、根据设计文档或需求说明完成代码编写、调试、单元测试；4、分析并解决软件开发过程中的问题；5、配合项目经理完成相关任务目标。,1、精通ASP.NET、C#，熟练使用VisualStudio开发工具，熟悉B/S架构设计及开发；2、精通MSSQL数据库，精通存储过程，熟练使用SQL语言，具备一定的SQL优化技巧；3、熟悉CSS、HTML5、JavaScript、AJAX、WebServices、RESTful等技术；4、具备良好的编码习惯、有良好的沟通能力及团队协作意识，能承受工作压力。5、统招本科及以上学历，具有1~3年以上开发经验。,北京市东城区和平里东街11号雍和航星园三号楼一层,2018-03-18,北京,其它,100-499人,1-3年,本科,10001-15000元/月
北京,.net,.NET软件开发工程师J11610,,方正国际软件（北京）有限公司,面议,北京,招聘中,http://jobs.zhaopin.com/145641624258450.htm,工作职责1、负责项目的设计、开发、维护；2、独立完成模块的设计、编码、测试以及相关文档；3、按照项目计划，在保证质量的前提下、按时完成开发任务；4、和项目相关管理、测试和需求等人员沟通和合作任职资格,岗位要求1.计算机、软件工程及其相关专业，本科及以上；2.2年以上B/S架构开发经验；3.具有较好的数据库设计、开发、调优经验；4.精通HTML、JavaScript、JQeury、CSS、XML、WebService、AJAX等技术5.有责任心，工作效率高，具有良好交流沟通能力和团队协作意识；,北京海淀区北四环西路52号方正国际大厦5层,2018-03-18,北京,合资,1000-9999人,3-5年,本科,
北京,.net,集团总部-ERP部-NET开发工程师,,搜狐公司,2001-4000,北京,招聘中,http://jobs.zhaopin.com/000016520283796.htm,1、参与公司CRM系统架构设计与开发，以及现有项目产品的升级与维护2、能高效地完成后台应用及底层架构的开发，并完成单元自测3、对现有系统的功能优化及配合业务及财务完成后台服务流程的梳理和优化,1、精通.NET/C#语言熟悉.NETMVC框架和WebAPI，对消息队列，Redis有了解者优先；2、掌握HTML（DIV+CSS）、Html5，JavaScript/AJAX，Jquery等技术3、熟悉SQLServer数据库和SQL语句4、有工作流相关开发经验、熟悉OracleBIEE优先5、具有较强的学习能力，良好的沟通协作能力和团队精神。,北京市北京市海淀区科学院南路2号融科资讯中心C座南楼,2018-03-18,北京,合资,1000-9999人,3-5年,本科,2001-4000元/月
北京,.net,JTZNYX-高级ASP.NET研发工程师,,易车公司,15001-20000,北京,招聘中,http://jobs.zhaopin.com/136211339266063.htm,1、负责公司产品核心模块的日常研发工作，辅助研发经理完成技术攻关和模块架构设计等相关工作2、负责公司移动端（微信小程序方向)或PC端(广告系统)的业务研发实现，按照研发经理的要求对其所负责的模块完成架构与研发落实3、能按时、独立、高质量地完成工作，确保相关代码逻辑的健壮性与正确性，利用所掌握知识构建高可用高性能 安全高扩展的系统4、带领部分初级人员完成项目任务，指导初级人员技术实现., 1、统招本科以上学历，计算机相关专业毕业。具有大型互联网企业系统高并发工作经验优先，熟悉广告平台或微信体系开发(小程序，公众号)优先。2、至少三年以上Asp.NetC#(B/S)项目开发经验；3、熟悉.Net框架，熟练使用VisualStudio开发环境，精通.NETMVC、WCF、ADO.NET、Ajax框架等技术；4、精通SQLServer等数据库技术，能够熟练的使用存储过程、事务、索引、视图、全文检索、查询优化等技术；5、熟悉HTTP协议，熟悉HTML、CSS、JAVASCRIPT/AJAX、jQuery、DIV+CSS、XML等相关Web技术；7、深入理解B/S架构，掌握NET平台的开发模型与框架；8、能独立对项目的业务逻辑处理进行分析规划，并实现相关功能应用开发；7、具有强烈的责任心和团队合作能力，对技术有浓厚的兴趣，乐于接受新鲜事物，具有良好的学习、沟通能力，逻辑思维缜密，独立思考并且敢于创新和接受挑战。,海淀区西直门外大街168号腾达大厦裙楼,2018-03-18,北京,外商独资,1000-9999人,3-5年,本科,15001-20000元/月
北京,.net,.NET开发工程师,,浪潮集团有限公司,8001-10000,北京,招聘中,http://jobs.zhaopin.com/120143601265084.htm,1、开发集团办公电子流；2、执行主管经理下达的开发任务，按时、按质完成工作；3、执行本部门制定的应用系统维护条例。   ,1、计算机相关专业，专科或以上学历；2、一年以上.NET软件开发工作经验；3、熟练掌握.NET开发工具，至少熟悉ORACLE、SQLSERVER其中一种数据库；4、良好的学习能力，可以根据工作需要学习新的技术，使用新技术；5、良好的责任心及团队合作能力、系统分析能力；6、与公司其他需求部门进行良好的沟通、互动；7、面试时请携带作品或案例。 E-mailfengzhh@inspurworld.com,北京,2018-03-18,北京,国企,10000人以上,1-3年,大专,8001-10000元/月
北京,.net,.net开发工程师,100%,北京伯众联合管理咨询有限公司,6000-12000,北京-海淀区,招聘中,http://jobs.zhaopin.com/406475887250309.htm,,1.本科及以上学历，条件优秀者可适当放宽；2.软件工程、计算机科学与技术等专业；3.至少二年以上.Net网站后台开发工作经历，熟练应用C#开发语言；4.掌握ASP.Net框架结构和控件应用，熟悉MVC编程模式；5.了解HTML、JavaScript、jQuery、CSS、Ajax等开发技术；6.熟悉SQLServer数据库技术；7.良好的编码、注释习惯。其他技术要点说明1、服务器环境windos系统；2、控件要求b/s(对B/S与C/S都熟悉的更好）；3、框架ASP.Net；4、运维了解程度不要求。,北京市海淀区农大南路88号万霖大厦402室,2018-03-18,北京-海淀区,其它,20-99人,3-5年,本科,6000-12000元/月
北京,.net,.net高级软件工程师,100%,北京四维益友信息技术有限公司,10001-15000,北京,招聘中,http://jobs.zhaopin.com/205285719251677.htm,1、参与公司产品的设计，负责核心技术开发工作；2、根据开发规范与流程完成系统设计、编码、单元测试以及相关文档的编写；3、指导软件开发工程师的开发工作，优化代码开发质量。,1、精通.NET框架，精通.NET开发环境；2、精通B/S结构开发模式，能够较好的运用JQuery、HTML、JAVASCRIPT、CSS、Ajax等技术；3、熟悉WebService开发，WebApi等技术；4、精通C#开发语言，具有三年以上C#.NET开发经验，熟悉MVC架构；5、精通SQLServer数据库，能独立编写存储过程、触发器等；6、有良好的编程规范及开发技能及撰写技术文档能力，有较好的合作精神和主动性。,北京市丰台区联华世纪写字楼506室,2018-03-18,北京,民营,100-499人,,本科,10001-15000元/月
北京,.net,高级.NET研发工程师,100%,北京易天正诚信息技术有限公司,15000-20000,北京-海淀区,最新,http://jobs.zhaopin.com/693734426250052.htm,,,北京市海淀区信息路甲28号科实大厦C座C201,2018-03-18,北京-海淀区,股份制企业,20-99人,3-5年,大专,15000-20000元/月
北京,.net,ASP.NET高级工程师,99%,北京易天正诚信息技术有限公司,15000-20000,北京-海淀区,最新,http://jobs.zhaopin.com/693734426250044.htm,,,北京市海淀区信息路甲28号科实大厦C座C201,2018-03-18,北京-海淀区,股份制企业,20-99人,3-5年,本科,15000-20000元/月
北京,.net,.Net中高级技术工程师 （呼叫中心方向）,99%,北京中致投资管理有限公司,10000-20000,北京,最新,http://jobs.zhaopin.com/684154228250607.htm,   1、熟悉软件开发流程，根据公司战略要求，负责对公司产品进行需求分析，制定实施计划及交付周期   2、根据公司产品需求，完成产品的数据架构与设计实现   3、全程参与产品的需求分析、设计实现、数据架构及产品研发   4、积极配合产品设计，保证从产品设计到产品输出的顺利进行   5、合理安排研发工作，按照要求完成产品的研发任务   6、完成呼叫中心系统的开发工作，以及和CRM系统的集成、对接工作   7、用于探索新技术，并不断将新技术应用到公司产品中，不断完善技术方案   8、积极配合项目经理完成项目技术难点攻坚，顺利完成项目任务   9、负责与项目经理接口，熟悉项目的开发计划，完成项目的概要设计及数据库设计；   10、按计划完成功能模块的功能设计、代码实现，代码编写和单元测试，并提交测试人员进行功能测试；   11、与测试人员对接，完成产品相关功能模块的升级及BUG修复；   12、完成项目相关文档例如《详细设计说明书》等的编写；   13、严格遵守相关开发工具的编码规范；,   1、本科及以上学历，计算机相关专业，三年以上工作经验   2、有呼叫中心系统开发经验者优先；   3、精通.NET开发平台，有大型B2C网站、CRM系统开发经验者优先   4、精通JQuery、Javascript、Html、CSS等主流前端技术，能够解决简单的前端问题   5、具有良好的逻辑思维能力，工作细致，责任心强，学习能力强，能够及时辅导本部门其他人员完成任务   6、具备良好的工作热情，能承受较大的工作压力，沟通交流能力好，团队合作意识强，并且具有忧患意识，积极解决产品中存在的隐患,北京市丰台区广安路9号院国投财富广场6号楼7层,2018-03-18,北京,股份制企业,100-499人,3-5年,大专,10000-20000元/月
北京,.net,.NET开发工程师,99%,天信达信息技术有限公司,8000-12000,北京,招聘中,http://jobs.zhaopin.com/000380540250088.htm,1、 负责货运相关产品研发工作；2、 独立完成单项功能模块设计、开发、单元测试工作；3、 参与货站项目需求调研、培训实施；4、 优化、规范、维护现有功能代码。,1、 2年以上.NET开发经验；2、 熟悉.NET框架，熟悉.NET开发环境，理解OOP开发思想3、 熟悉C#、ASP.NET、MVC、Win Form，熟悉主流前后台开发技术4、 熟悉数据库相关知识，能够熟练应用ORACLE数据库进行开发5、 具有良好规范的文档和编程习惯；能承受较强工作压力，热衷于不断研究和学习最新技术；理解能力强，能根据项目需求准确完成交付的开发任务；备注1.公司现办公地址为北京市朝阳区幸福三村东兴里11号；计划今年年底搬迁至北京市顺义区后沙峪中国航信高科技产业园；2.可提供员工宿舍；3.家住顺义区的优先考虑录用。,顺义区后沙峪镇中国航信高科技产业园,2018-03-18,北京,合资,100-499人,3-5年,本科,8000-12000元/月
北京,.net,.net高级研发工程师,99%,北京易天正诚信息技术有限公司,10000-17000,北京-海淀区,最新,http://jobs.zhaopin.com/693734426250049.htm,,,北京市海淀区信息路甲28号科实大厦C座C201,2018-03-18,北京-海淀区,股份制企业,20-99人,1-3年,本科,10000-17000元/月
北京,.net,.NET网络爬虫工程师,99%,北京易天正诚信息技术有限公司,10000-17000,北京-海淀区,最新,http://jobs.zhaopin.com/693734426250050.htm,,,北京市海淀区信息路甲28号科实大厦C座C201,2018-03-18,北京-海淀区,股份制企业,20-99人,,本科,10000-17000元/月
北京,.net,.Net中高级技术工程师,98%,北京中致投资管理有限公司,10000-20000,北京,最新,http://jobs.zhaopin.com/684154228250608.htm,  1、熟悉软件开发流程，根据公司战略要求，负责对公司产品进行需求分析，制定实施计划及交付周期   2、根据公司产品需求，完成产品的数据架构与设计实现   3、全程参与产品的需求分析、设计实现、数据架构及产品研发   4、积极配合产品设计，保证从产品设计到产品输出的顺利进行   5、合理安排研发工作，按照要求完成产品的研发任务   6、积极配合项目经理寻求大规模数据检索方案，不断完善和优化数据模型并不断提高大规模数据检索效率   7、用于探索新技术，并不断将新技术应用到公司产品中，不断完善技术方案   8、积极配合项目经理完成项目技术难点攻坚，顺利完成项目任务   9、负责与项目经理接口，熟悉项目的开发计划，完成项目的概要设计及数据库设计；   10、按计划完成功能模块的功能设计、代码实现，代码编写和单元测试，并提交测试人员进行功能测试；   11、与测试人员对接，完成产品相关功能模块的升级及BUG修复；   12、完成项目相关文档例如《详细设计说明书》等的编写；；   13、严格遵守相关开发工具的编码规范；,   1、本科及以上学历，计算机相关专业，三年以上工作经验   2、精通.NET开发平台，有大型B2C网站、CRM系统开发经验者优先   3、精通JQuery、Javascript、Html、CSS等主流前端技术，能够解决简单的前端问题   4、具有良好的逻辑思维能力，工作细致，责任心强，学习能力强，能够及时辅导本部门其他人员完成任务   5、具有大规模数据处理经验，善于改造数据设计结构，增加数据检索效率   6、具备良好的工作热情，能承受较大的工作压力，沟通交流能力好，团队合作意识强，并且具有忧患意识，积极解决产品中存在的隐患,北京市丰台区广安路9号院国投财富广场6号楼7层,2018-03-18,北京,股份制企业,100-499人,,不限,10000-20000元/月
北京,.net,.net中级软件工程师,98%,雷势万廷信息技术(北京)有限公司济南分公司,10001-15000,北京,招聘中,http://jobs.zhaopin.com/554095627250169.htm,1、根据开发规范与需求完成模块的设计、编码、测试以及相关文档的处理工作；2、根据开发过程中的具体情况对系统提出改进建议。,1、熟练使用C#，asp.netMVC，VisualStudio开发平台，熟悉多架构技术的开发；2、熟悉SQLServer数据库平台；熟悉前端的HTML、Div+Css、JavaScript等技术；3、具备3年以上asp.netmvc项目开发经验；联系人杨经理 联系方式15154185360,通州区砖厂南里46号楼华远好天地A座1105,2018-03-18,北京,民营,100-499人,3-5年,不限,10001-15000元/月
北京,.net,C#、Asp.Net工程师（双休不加班）,98%,中国采招网,6001-8000,北京,招聘中,http://jobs.zhaopin.com/156328115274624.htm,,1、一年以上工作经验2、精通ASP.NET，C#等开发语言；3、熟悉MSSQL等数据库，能够熟练编写SQL语句；4、精通XML，WEBService等开发；5、熟练使用Jquery脚本；6、能够完成网站的设计、开发工作；7、熟悉网站部署，能独立完成ASP.NET站点的部署工作；8、了解windowsServer2003，2008等各类操作系统以及相关的应用；9、良好的沟通、协调以及较强自学能力，逻辑思维能力强，有较强的条理性和判断力，具备强烈的责任感；文档撰写能力强；10、工作认真负责，有较强的独立判断与解决相关问题的能力；11、请提供所开发网站的链接。 详情登陆www.bidcenter.com.cn 联系人陈小姐电   话010-88116545,北京市海淀区阜成路111号裕美达大厦5层,2018-03-18,北京,民营,100-499人,1-3年,不限,6001-8000元/月
北京,.net,.net工程师,98%,北京嘉和美康信息技术有限公司,5000-10000,北京,最近,http://jobs.zhaopin.com/146296596251298.htm,1.参与公司医疗信息化项目的开发和技术支持工作2.完成软件模块的编码和测试工作3.完成公司其他项目的技术支持工作,1、本科及以上学历，计算机相关专业；2、一年以上开发工作经验；3、熟悉.NET、C#技术；4、熟悉SQLServer、Oracle或MySQL其中至少一种数据库，熟练使用SQL编程；5、有良好的代码书写规范和文档编写能力。,北京市海淀区上地信息产业基地开拓路7号先锋大厦一段,2018-03-18,北京,民营,500-999人,,不限,5000-10000元/月
北京,.net,.net软件开发工程师,98%,北京筑业志远软件开发有限公司,8001-10000,北京,最近,http://jobs.zhaopin.com/296707312250514.htm,1、负责相关产品或项目的需求调研和需求分析、系统设计，并编写相关技术文档；2、精通B/S框架开发，负责项目系统框架架构和核心代码编写，为能解决开发中的技术难题；3、精通后端底层框架技术，及相应的设计模式，能独立完成模块的设计、编码、测试工作，有良好的编码习惯；4、按公司业务需求，带领团队按质按时完成项目开发任务；5、很强的分析能力，解决问题和修复软件bug的能力；6、逻辑思维清晰，具有良好的口头与书面交流能力，较好的团队合作能力和沟通能力。,1、计算机及相关专业，5年以上工作经验或有三个以上C/S或B/S大中型项目开发经验；2、熟悉MVC，Nhibernate，Spring.Net架构，精通C#语言及ASP.net开发及相关开发工具；3、精通数据库基本原理，有Oracle/MicrosoftSQLserver/MySql开发经验，熟练应用SQL语言，存储过程，触发器；  4、了解企业管理软件，了解系统安全，性能优化等方面技术，有进销存系统、ERP系统开发经验者优先；5、熟悉HTML、JavaScript、JQuery、LinQ、CSS、XML、WebService、AJAX等技术；6、有互联网电商项目开发经验者优化。,北京市海淀区西三旗泰华龙旗广场E座13层,2018-03-18,北京,民营,100-499人,,大专,8001-10000元/月
北京,.net,.net,,中软国际科技服务有限公司深圳分公司,面议,北京-朝阳区,招聘中,http://jobs.zhaopin.com/508620126262301.htm,,1.精通C#语言、Asp.netWebForm开发、WCF开发、Asp.netMVC、WebAPI开发；Jquery、Angular、Bootstrap2.熟练使用SQLServer数据库，会数据表表设计、存储过程、索引设计、EntityFramework、Log4Net3.对软件架构、分层设计熟练掌握；4.4年以上大专及以上学历，计算机相关专业,朝阳区朝阳门,2018-03-18,北京-朝阳区,上市公司,10000人以上,3-5年,大专,
北京,.net,.Net高级软件工程师,98%,北京云财信息技术有限公司,15000-30000,北京-海淀区,最新,http://jobs.zhaopin.com/372877180250018.htm,,1、熟练掌握asp.net(c#)服务端语言；2、精通Javascript脚本语言，精通HTML代码、CSS规范；熟练掌握JQuery；3、掌握数据库技术，有SQLSERVER应用开发的经验，对SQL优化有一定的了解；4、有很好的沟通能力，学习能力强、理解能力强；5、计算机，通讯，电子类相关专业统招本科及以上学历；6，仅限二本以上学校及专业。,海淀区上地中关村软件园4号楼D座3层,2018-03-18,北京-海淀区,民营,20-99人,,本科,15000-30000元/月
北京,.net,.NET高级软件工程师,87%,北京国信普瑞德科技发展有限公司,10001-15000,北京,最新,http://jobs.zhaopin.com/12089110690250205000.htm,,1、计算机及相关专业本科及以上学历，具备良好的数据结构、软件工程等计算机软件基础理论知识。2、精通.NET开发工具，精通C#语言及ASP.net开发；3、有三个以上B/S项目参与开发经验，对企业应用系统深入理解；4、有进销存系统、管理信息系统开发经验者优先；5、精通数据库基本原理，有MicrosoftSQLserver开发经验；6、人品正直、诚信，具备较强的责任心和团队合作精神，良好的职业道德及沟通能力；7、对新技术新知识敏感，有较强的学习和吸收能力；8、良好的编程风格，工作积极主动，有独立工作能力，有创造性，责任心强，刻苦耐劳，能承受较大的工作压力；,北京市西城区,2018-03-18,北京,民营,20-99人,3-5年,本科,10001-15000元/月
北京,.net,.NET软件工程师,59%,北京国信普瑞德科技发展有限公司,6000-10000,北京,最新,http://jobs.zhaopin.com/12089110690250203000.htm,,1.一年以上.NET项目开发经验；2.熟悉.NET设计模式及建模工具；3.Web开发技术基础扎实、全面；充分了解Web应用开发流程，对Web开发应用架构有清晰的认知；4.精通ASP.NET、JavaScript、Html、CSS、XML、Ajax开发；5.熟悉ASP.Net MVC开发架构，对WCF、WebApi有一定的开发经验。6.熟练使用SQLSERVER或MySQL数据库开发；7.责任心强，学习能力和团队合作精神强，能够承受较强的工作压力， 思维清晰，良好的沟通能力和表达能力；,北京市西城区,2018-03-18,北京,民营,20-99人,1-3年,大专,6000-10000元/月
北京,.net,C# 、ASP.net 软件工程师,53%,北京乐鸟科技有限公司,6001-8000,北京,最新,http://jobs.zhaopin.com/CC274658338J00025238812.htm,,具备独立完成项目能力。7、热爱编程，刻苦学习，有意向在“云架构”产品研发继续学习。8、计算机或相关专业大专及以上学历；工作内容1、参与系统的需求调研和需求分析，撰写相关技术文档2、搭建系统开发环境，完成系统框架和核心代码的实现3、项目概要设计、详细设计、开发计划等编创与实施4、系统开发测试、部署和集成5、负责解决开发、运行过程中的技术问题6、参与代码维护与备份7、协助上级完成任务和公司产品的推广开发产品1、云服务器，物联网通讯数据的服务程序编写C#语言。2、客户端软件的编写，属于物联网终端。3、服务器端C#软件编写，管理服务器和用户数据管理查看。4、云数据中心。,北京市昌平区沙河万家创业园7号楼3层7312房间,2018-03-18,北京,合资,20-99人,1-3年,本科,6001-8000元/月
北京,.net,.net高级软件工程师,72%,无敌猫信息技术(北京)有限公司,16000-23000,北京,最新,http://jobs.zhaopin.com/49830382490250018000.htm,1.三年以上NET平台开发经验；2.精通C#语言，熟悉VisualStudio集成开发环境，熟练配置服务器IIS； 3.熟悉HTTP协议，熟悉HTML、JAVASCRIPT/AJAX、DIV+CSS、XML等相关Web l ,1.精通SQL语言，掌握SQLServer数据库设计与开发，了解数据库管理、性能优化等基本操作技能； 2.深入理解B/S架构，掌握NET平台的开发模型与框架； 3.熟悉设计模式，具有较强的面向对象的分析和设计能力，能熟练应用设计模式； 4.在项目中使用过WCF/WebService技术； 5.具有较强的责任心，良好的沟通能力，认真实干的工作态度；6.有各行业ERP系统开发经验者优先。,北京市海淀区西三旗富力桃园12号楼B1-101号,2018-03-18,北京,民营,20人以下,3-5年,不限,16000-23000元/月
北京,.net,.net软件工程师,66%,无敌猫信息技术(北京)有限公司,12000-16000,北京,最新,http://jobs.zhaopin.com/49830382490250019000.htm,1.两年以上NET平台开发经验；2.精通C#语言，熟悉VisualStudio集成开发环境，熟练配置服务器IIS； 3.熟悉HTTP协议，熟悉HTML、JAVASCRIPT/AJAX、DIV+CSS、XML等相关Web l ,1.精通SQL语言，掌握SQLServer数据库设计与开发，了解数据库管理、性能优化等基本操作技能； 2.深入理解B/S架构，掌握NET平台的开发模型与框架； 3.熟悉设计模式，具有较强的面向对象的分析和设计能力，能熟练应用设计模式； 4.在项目中使用过WCF/WebService技术； 5.具有较强的责任心，良好的沟通能力，认真实干的工作态度；6.有各行业ERP系统开发经验者优先。,北京市海淀区西三旗富力桃园12号楼B1-101号,2018-03-18,北京,民营,20人以下,3-5年,不限,12000-16000元/月
北京,.net,.NET软件开发工程师 (北京),,北京乐在指尖科技有限公司,10000-15000,北京,最新,http://jobs.zhaopin.com/CZ266593930J00029485914.htm,,,朝阳区汉威大厦,2018-03-18,北京,民营,20-99人,3-5年,本科,10000-15000元/月
北京,.net,.net软件工程师,,北京金木堂文化发展有限公司,10000-17000,北京,最新,http://jobs.zhaopin.com/670237728250469.htm,1、负责公司技术平台的技术开发和维护。2、完成领导安排的其他工作。,1.2-3年.net开发经验；2.熟练掌握C#、精通wpf；mvvm模式（做过项目也可以）、多线程等技术；,北京市朝阳区管庄乡1号北岛大厦A401,2018-03-18,北京,民营,20-99人,3-5年,本科,10000-17000元/月
北京,.net,.net高级软件开发工程师,,竞优信息技术(上海)有限公司北京分公司,10001-15000,北京,最新,http://jobs.zhaopin.com/152665014250111.htm,1.参与项目前期分析和设计工作，协助进行UML和流程的整理，编写相关文档2.负责核心框架与核心代码的开发3.负责指导开发人员进行功能的开发4.负责功能代码质量审核工作，并控制算法和编写规范5.参与系统部署工作，并编写相关文档6.参与技术培训和资料编写工作,1.26-35岁，本科以上学历，计算机相关专业2.四年以上.NET开发经验，精通ASP.Net、ADO.Net等.NET框架技术3.精通面向对象编程和设计，能够使用UML、Viso进行业务分析和流程设计4.熟练使用vs，并可以进行代码调试、单元测试5.精通MSSQLSERVER或Oracle数据库，具备数据建模能力6.精通Javascript、Ajax、css、Jquery等前端Web应用7.具备很强的学习能力及解决技术难题能力8.具备良好的代码编写习惯，对工作有责任心，具有良好的沟通和团队协作能力,北京市朝阳区八里庄西里100号住邦2000商务中心2号楼,2018-03-18,北京,外商独资,100-499人,3-5年,本科,10001-15000元/月
北京,.net,.net软件开发工程师,,竞优信息技术(上海)有限公司北京分公司,8001-10000,北京,最新,http://jobs.zhaopin.com/152665014250107.htm,1.负责业务模块代码编写工作2.负责代码单元测试工作，并编写相关文档3.按时按量完成功能的开发工作4.与测试工程协同，完成程序修改，解决系统bug,1.24-35岁，本科以上学历，计算机相关专业2.两年以上ASP.NET实际开发经验，熟悉asp.netado.net3.能熟练使用vs2010或vs2012进行开发和调试的工作4.熟悉MSSQLServer或Oracle数据库，了解视图、存储过程、函数等数据库对象5.熟悉javascript、ajax、css、jquery等web技术6.良好的代码规范能力和文档编写能力7.良好的团队合作精神、较强的自学能力和问题分析能力,北京市朝阳区八里庄西里100号住邦2000商务中心2号楼,2018-03-18,北京,外商独资,100-499人,,本科,8001-10000元/月
北京,.net,.NET软件开发工程师,52%,北京宏贤达物流集团有限公司,10000-16000,北京,最新,http://jobs.zhaopin.com/131692154250407.htm,1、能独立设计相关框架和应用模块，参与物流电子商务平台系统需求分析，架构设计，开发，升级，优化及维护；2、负责物流系统的日常运维与响应支持；3、熟悉图书物流行业ERP，有相关项目经验者优先；4、具备良好的逻辑思维，分析和解决问题的能力；5、有强烈的责任心，和良好的团队协作能力。,1、计算机相关专业专科以上学历，.NET开发工作3年以上开发经验；2、精通.NET平台、C#，.NETFramework框架，ASP.Net、MVC、C#、Web API、Web Service、html、css、ajax等，熟悉企业级应用的设计与开发，B/S相关的开发技术并熟练使用Visual Studio开发环境；3、需熟悉Sliverlight开发及WPF开发；4、熟悉Windows Server服务器、iis服务等，有能力独立解决服务器相关问题；5、熟悉android代码开发，能独立完成android项目；6、熟悉并掌握SQL SERVER数据库的应用、开发、调优及SQL存储过程编写，有海量数据处理经验；7、有基本的数据结构，算法等知识，对面向对象编程思想有深刻理解并根据设计文档完成较高复杂度的模块开发；8、国家统招学历本科及以上享受高额学历薪资补贴；9、工作地点大兴或固安。,大兴区黄村镇桂村贵达路3号,2018-03-18,北京,民营,1000-9999人,3-5年,大专,10000-16000元/月
北京,.net,软件工程师（.NET/C#/WPF/WinForm）方向,,北京华医共享医疗科技有限公司,8000-16000,北京,最新,http://jobs.zhaopin.com/CC245912133J00030047912.htm,1、负责医疗软件平台工作流模块的开发和维护工作。参与需求分析、架构设计及详细设计文档的编写。2、独立完成功能模块的设计、开发及单元测试；3、完成项目中各阶段文档的书写（软件需求、概要设计、详细设计、单元测试）；4、对开发的产品进行优化、创新，深层次地满足公司或客户需求；5、负责及时反馈实际工作中遇到的问题，开发中的情况，并根据实际情况提出改进及建议；6、参与软件开发和维护过程中重大技术问题的解决；7、完成领导安排的其他工作；,1、2年以上C/S架构产品开发及架构和设计经验；2、精通C#语言，熟悉VisualStudio开发平台；3、熟悉WPF、WP/UWP、XML、或WINFORM编程，对UI开发有丰富经验；4、熟悉对象化编程、设计模式等理念；5、熟练使用MySQL数据库6、对WPF技术及整个解决方案有深刻的理解及熟练的应用，精通设计模式，并在此基础上设计产品框架；7、有医疗软件开发经验者优先，有.NetCore、WebService开发经验者优先；8、良好的语言表达、沟通能力、协调能力、团队合作和具有吃苦耐劳的精神；9、有互联网医疗领域工作经历；,海淀区花园东路10号高德大厦401,2018-03-18,北京,民营,100-499人,1-3年,大专,8000-16000元/月
北京,.net,.NET C/S工程师20180104,,北京华宇泰聚科技有限公司,8000-12000,北京-海淀区,最新,http://jobs.zhaopin.com/638724227250971.htm,,,北京市海淀区,2018-03-18,北京-海淀区,民营,20-99人,,不限,8000-12000元/月
北京,.net,.net工程师20180104,,北京华宇泰聚科技有限公司,8000-12000,北京-海淀区,最新,http://jobs.zhaopin.com/638724227250970.htm,,1、精通ASP.NET开发，熟悉.NET平台框架；并有两年以上asp.net网站实际开发工作经验；2、熟练掌握HTML，DIV，CSS，JavaScript，Ajax，jquery等WEB前端技术。能够独立快速完成网站页面的页面动态效果，确保各浏览器兼容；3、熟练应用ASP.NET，精通C#语言，具有良好的编程习惯，掌握ASP.NET MVC基础；4、熟悉MSSQL等数据库，能够编写基本SQL语言；5、熟悉面向对象编程和多层架构的设计和开发，了解设计模式；,北京市海淀区,2018-03-18,北京-海淀区,民营,20-99人,1-3年,不限,8000-12000元/月
北京,.net,ASP.NET高级研发工程师,,北京联达动力信息科技股份有限公司,10001-15000,北京-海淀区,最新,http://jobs.zhaopin.com/000583386251191.htm,1、根据业务要求完成系统模块的设计、研发及核心代码维护工作。2、参与产品的系统分析、设计及相关文档的编写。3、解决系统中的关键问题和技术难题。4、根据开发情况，提出产品的改进意见或合理需求。5、带领和指导开发工程师及外包人员开展研发工作。,1、深刻理解.NET架构，精通C#、ASP.NETWebForm、WebAPI、WebService、WCF、ADO.NET等开发技术，熟悉多层结构开发，具有面向对象的编程思想。2、熟练掌握JavaScript，CSS，HTML5，AJAX等前端技术，熟悉流行JS框架（如Node.js、jQuery、Vue.js等），了解主流浏览器特性，熟悉Web缓存方案，对Web性能优化有独到的见解。3、.熟练使用sqlserver、Oracle等数据库，熟练编写存储过程，对数据库优化有一定的了解。4、本科以上学历，计算机相关专业，4年及以上实际开发工作经验。5、逻辑思维清晰，良好的系统设计、分析和解决问题的技巧。6、具有良好的编程风格，规范化、标准化的代码编写习惯，具备独立开发能力，工作认真负责，有良好沟通和理解能力，富有团队合作精神。7、有医院办公系统或OA研发相关经验者优先。,北京市海淀区海淀大街38号银科大厦2206-2208,2018-03-18,北京-海淀区,上市公司,100-499人,3-5年,本科,10001-15000元/月
北京,.net,.net 高级软件工程师,,北京亿居神州科技有限公司,8001-10000,北京-海淀区,最新,http://jobs.zhaopin.com/469235621250002.htm,1、负责公司政务系统项目程序开发；2、按要求和计划实现代码编写、调试、测试组织，编写开发文档；3、协助项目经理分析客户需求、完成功能定义和程序设计；4、配合执行项目经理安排的其他任务。,1、计算机或相关专业本科以上学历。2、精通基于VisualStudio.NET2005、2010开发工具环境下的开发工作，熟悉微软.NET体系架构，三年以上软件项目开发经验；3、思维严谨，逻辑清楚，有一定编写技术文档的能力；4、有良好的团队合作能力，善于沟通。能承受较大工作；5、有电子政务项目开发管理经验，或通过国家软考且具备职称资格证书者优先考虑。,北京市海淀区知春路128号泛亚大厦903室,2018-03-18,北京-海淀区,民营,20-99人,3-5年,本科,8001-10000元/月
北京,.net,.NET开发程序员,,北京华夏迅联信息技术有限公司,5000-9000,北京-海淀区,最新,http://jobs.zhaopin.com/285584214250092.htm, (1)基于WEB的系统应用软件开发，具有优秀的需求理解、系统分析、设计和文档编写能力； (2)具有和客户、开发队伍以及其他相关部门的沟通能力； (3)监控网站的功能的稳定性和完善网站的人性化需求； (4)验证测试已经解决的问题和新增的功能； (5)做好源文件的整理备份； (6)理解能力强，逻辑性好，有较强的新技术学习能力； (7)有良好的编码规范。工作认真、严谨、负责； (8)具有项目开发经验及良好沟通和团队精神，独立分析与解决问题的能力。专业技能(1)熟悉C#、C++，熟练使用集成开发工具进行应用程序的开发。(2)精通 HTML，CSS，JavaScript，jQuery，easyUI，dom，ajax，XML，cache缓存等开发技术。(3)熟悉.NET下的CS/BS开发，有ASP.NET MVC，WPF、WinFrom开发经验。(4)熟练使用SQLServer、MySQL等数据库进行应用程序开发。(5)熟练运用GUI、Axure等UI设计工具，具有丰富的需求分析经验。(6)熟练使用SQLServer或MySQL等关系数据库，掌握数据库索引、游标、函数、存储过程等相关调优；(7)了解微信、WAP、移动APP等移动互联网开发技术，熟悉Html5；(8)能自己搭建框架（包括数据库的设计）(9)了解JAVA、PHP语言。优选条件（大数据--最好掌握一至二项）---------------------------------------------------------------------------, (1)计算机或IT相关专业，本科以上学历，1-3年工作经验；熟悉.NETMVC架构，并有其编程经验者优先考虑； (2)熟悉.NETFramework架构，并有其编程经验； (3)熟悉三层架构；熟练使用C#语言； (4)熟练掌握ADO.NET、ASP.NET、WebService等编程技术； (5)熟悉SQLServer数据库，熟练掌握T-SQL语句及编程； (6)熟悉JAVASCRIPT、VBSCRIPT、XML，能开发高效的页面程序； (7)熟练掌握VisualStudio.NET开发工具，能够熟练开发WEB、WIN应用软件。,北京市海淀区上地三街9号嘉华大厦,2018-03-18,北京-海淀区,民营,20-99人,1-3年,本科,5000-9000元/月
北京,.net,中、高级.NET开发工程师,,北京中诺智电科技有限公司,8000-12000,北京,最新,http://jobs.zhaopin.com/CC636980520J00029564514.htm,1、负责相关产品或项目的需求调研和需求分析、系统设计，并编写相关技术文档；2、精通B/S框架开发，负责项目系统框架架构和核心代码编写，为能解决开发中的技术难题；3、精通后端底层框架技术，及相应的设计模式，能独立完成模块的设计、编码、测试工作，有良好的编码习惯；4、按公司业务需求，带领团队按质按时完成项目开发任务；5、很强的分析能力，解决问题和修复软件bug的能力；6、逻辑思维清晰，具有良好的口头与书面交流能力，较好的团队合作能力和沟通能力。,1、计算机及相关专业，3年以上工作经验或有三个以上C/S或B/S大中型项目开发经验；2、熟练掌握.Net开发框架，熟悉.NetMVC/MVP编程架构；理解面向对象（OO）编程思想，熟悉常用的设计模式，熟悉UML；3、精通数据库基本原理，有Oracle/MicrosoftSQLserver/MySql开发经验，熟练应用SQL语言，存储过程，触发器；4、了解企业管理软件，了解系统安全，性能优化等方面技术，有进销存系统、ERP系统开发经验者优先；5、熟悉HTML、JavaScript、JQuery、LinQ、CSS、XML、WebService、AJAX等技术；6、有互联网电商项目开发经验者优化。7、两周内到岗,北京市昌平区北控宏创科技园6号楼301,2018-03-18,北京,股份制企业,100-499人,3-5年,本科,8000-12000元/月
北京,.net,急聘 急聘 .NET开发工程师（MVC、B/S开发）,,北京华夏迅联信息技术有限公司,5000-10000,北京-海淀区,最新,http://jobs.zhaopin.com/285584214250105.htm,1、参与项目研发工作，负责后台业务逻辑及数据通信接口的开发实现；2、根据功能需求、进行系统架构规划与设计，完成系统模块的设计、开发工作；3、依据功能需求、数据通信接口定义模版、数据接口定义，具体实现数据通信接口的开发工作；4、负责项目业务逻辑系统的单元测试；5、编写设计文档及单元测试；6、主动发现问题，及时向主管反馈；, (1)、计算机或IT相关专业，统招、本科以上学历，1-3年工作经验；  (2)、熟悉.NETMVC架构，并有其编程经验者优先考虑； (3)、熟悉.NETFramework架构，并有其编程经验； (4)、熟悉三层架构；熟练使用C#语言； (5)、熟练掌握ADO.NET、ASP.NET、WebService等编程技术； (6)、熟悉SQLServer数据库，熟练掌握T-SQL语句及编程； (7)、熟悉Javascript、VBSCRIPT、XML，能开发高效的页面程序； (8)、熟练掌握VisualStudio.NET开发工具，能够熟练开发WEB、WIN应用软件；福利待遇1.公司另设年终金、饭补、交通补助、过节费等；2.公司将根据业务发展以及员工的工作情况，不定期地为员工提供内部培训和技术分享；3.提供“五险一金”和良好的职业发展空间。工作地址北京市海淀区上地三街9号嘉华大厦,北京市海淀区上地三街9号嘉华大厦工作地址北京市海淀区上地三街9号嘉华大厦,2018-03-18,北京-海淀区,民营,20-99人,1-3年,本科,5000-10000元/月
北京,.net,.Net工程师,,北京南天软件有限公司,8001-10000,北京,最新,http://jobs.zhaopin.com/144900698250538.htm,,1、大学本科及以上学历，1-3年.NET开发经验；2、精通ASP.NET(C#)、JQuery，XML、CSS、AJAX等语言或Web技术，能独立完成系统功能模块设计、代码编写、系统优化等；3、熟悉Windows Service、Web Service/WCF以及多线程编程技术；4、理解.net多层机制， 熟练掌握B/S模式开发；5、熟悉SQL2008或sqlserver数据库系统；6、有MicrosoftDynamicsCRM、Sharepoint2010开发经验者或储存过程、视图等经验优先者考虑；7、有较强的自学能力，有良好的职业素养；8、善于并乐于各式沟通，具备极强的团队精神和工作热情；9、工作地点阜成门或石景山万达广场南侧,北京市海淀区上地信息路十号南天软件园,2018-03-18,北京,上市公司,1000-9999人,1-3年,本科,8001-10000元/月
北京,.net,.net开发工程师,,北京中软环球信息技术有限公司,8001-10000,北京,最新,http://jobs.zhaopin.com/281743633250023.htm,1.根据项目具体要求，承担开发任务，按计划完成任务目标；2.参与项目需求的系统分析与设计；3.根据开发规范与流程独立完成模块的设计、编码、测试及相关文档4.对完成的代码进行检查和优化，提高系统易用性和性能。,1.本科以上学历，2-3年以上软件开发经验；2.精通.net(c#)开发语言，有良好的编程习惯；3.熟悉B/S框架，熟悉.NETFramework框架，了解MVC的架构模式;4.熟悉SQLSERVER、oracle至少一种数据库，包括SQL语句优化、存储过程、视图等技术应用；5.熟练使用JavaScript及Ajax开发；6.了解Html、CSS、HTML5、BootStrap等前端技术，了解WebService开发；7.具有一定的需求理解和分析能力，能承担一定的工作压力；8.有良好的团队协作和沟通能力，做事积极主动、认真踏实，有强烈的责任心；9.有大型项目软件开发经验者优先。,北京市,2018-03-18,北京,股份制企业,100-499人,1-3年,大专,8001-10000元/月
北京,.net,C#.net 软件工程师(winform方向)（中级）,,北京英孚泰克信息技术股份有限公司,6001-8000,北京,最新,http://jobs.zhaopin.com/120151902250600.htm,,1.精通C#（winform）；2.熟悉SQLServer，Oracle数据库中的一种或多种，熟练使用SQL脚本/存储过程/触发器等；3.掌握多线程编程、网络编程、串口编程技术中的一种或多种；4.有良好的抽象、总结、沟通和展示能力，良好的团队合作能力；5.熟悉C++的优先考虑；6.有DevExpress开发经验者优先； 工作职责1、根据项目分工，负责维护及编写相关模块的技术文档，完成相应模块软件的设计、开发、编程任务。2、参与软件系统的设计和分析。3、协助项目经理完成项目开发计划。 注工作具体地点在成都双流时代奥特莱斯(龙桥路)附近联系人唐小姐18030729377 ,成都市武侯区高攀路20号万科汇智中心3栋1211室,2018-03-18,北京,民营,100-499人,,不限,6001-8000元/月
北京,.net,C#.NET软件工程师（winform）方向（初级）,,北京英孚泰克信息技术股份有限公司,4001-6000,北京,最新,http://jobs.zhaopin.com/120151902250596.htm,,1.精通C#（winform）；2.熟悉SQLServer，Oracle数据库中的一种或多种，熟练使用SQL脚本/存储过程/触发器等；3.掌握多线程编程、网络编程、串口编程技术中的一种或多种；4.有良好的抽象、总结、沟通和展示能力，良好的团队合作能力；5.熟悉C++的优先考虑；6.有DevExpress开发经验者优先； 工作职责1、根据项目分工，负责维护及编写相关模块的技术文档，完成相应模块软件的设计、开发、编程任务。2、参与软件系统的设计和分析。3、协助项目经理完成项目开发计划。 注工作具体地点在成都双流时代奥特莱斯(龙桥路)附近 ,成都市双流区双流奥特莱斯附近,2018-03-18,北京,民营,100-499人,,本科,4001-6000元/月
北京,.net,C#.net 软件工程师(winform方向)（高级）,,北京英孚泰克信息技术股份有限公司,6001-8000,北京,最新,http://jobs.zhaopin.com/120151902250598.htm,,1.负责系统架构设计、软件设计开发等工作、解决开发过程中疑难问题；2.精通C#（winform），WindowService；3.熟悉SQLServer，Oracle数据库中的一种或多种，熟练使用SQL脚本/存储过程/触发器等；4.掌握多线程编程、网络编程、串口编程技术中的一种或多种；5.有良好的抽象、总结、沟通和展示能力，良好的团队合作能力；6.熟悉C++的优先考虑；7.有DevExpress开发经验者优先； 工作职责1、根据项目需求，参与软件项目需求分析、产品设计工作。2、根据项目分工，负责维护及编写相关模块的技术文档，完成相应模块软件的设计、开发、编程任务。3、负责软件开发技术和规范及标准流程的改进。4、参与软件系统的设计和分析。5、配合部门主管完成相关任务目标。 注工作具体地点在成都双流时代奥特莱斯(龙桥路)附近联系人唐小姐  18030729377 ,成都市武侯区高攀路20号万科汇智中心3栋1211室,2018-03-18,北京,民营,100-499人,,不限,6001-8000元/月
北京,.net,Asp.Net / Java开发工程师,,北京英孚泰克信息技术股份有限公司,15001-20000,北京,最新,http://jobs.zhaopin.com/120151902250592.htm,,,北京市海淀区小南庄路怡秀园甲1号亿德大厦7层,2018-03-18,北京,民营,100-499人,3-5年,本科,15001-20000元/月
北京,.net,资深.net工程师（wpf/uwp）,,北京友通上昊科技有限公司,10000-20000,北京-大兴区,最新,http://jobs.zhaopin.com/206646211250506.htm,1)       医疗影像/医疗信息系统产品的开发；2)       参与软件架构设计，负责模块详细设计；3)       根据开发进度和任务分配，完成相应模块软件的设计、开发、编程任务；4)       撰写相关技术文档，参与规范及流程的改进；5)       协助研发经理进行需求分析，对产品进行持续化改进与优化。,1)       计算机相关专业毕业，具有两年以上开发工作经验。精通C#语言，熟悉VisualStudio开发平台；2)       熟悉WPF/UWP编程或WINFORM编程，对UI开发有丰富经验；3)       熟悉对象化编程、设计模式等理念；具有网络（WCF）与数据库应用开发经验；4)       有医疗系统研发，超声或放射系统研发等相关经验者优先；有较好的英文读、写与沟通能力者优先。,北京市经济技术开发区科创十四街99号汇龙森科技园二号楼一层,2018-03-18,北京-大兴区,合资,100-499人,1-3年,本科,10000-20000元/月
北京,.net,.net开发工程师,91%,建才(北京)信息技术有限公司,10001-15000,北京-海淀区,招聘中,http://jobs.zhaopin.com/385117915256106.htm,1.根据项目具体要求，承担开发任务，按计划完成任务目标；2.参与项目需求的系统分析与设计；3.根据开发规范与流程独立完成模块的设计、编码、测试及相关文档；4.对完成的代码进行检查和优化，提高产品易用性和性能；,1.本科以上学历，计算机或其他相关专业；2.精通.Net（C#）开发语言，有良好的编程习惯；3.熟悉B/S框架，1年以上相关经验者优先；4.有SQL Server数据库开发使用经验，处理大数据量经验者优先；5.了解MVC的架构模式，熟悉Html、CSS/JS、JavaScript、Jquery；6.以具备开发经验为佳，也欢迎对自己有信心的应届生！员工福利1、过试用期上五险；2、每天一餐水果；每月在公司的日常用品；3、丰厚的激励奖金、苹果手机、平板电脑、笔记本、旅游、活动抽奖等；4、半年一次员工拓展活动；年底年会等多元的文化生活。5、每位员工每月提供100元的部门活动经费，有部门主管组织活动；工作地址海淀分公司海淀中关村北四环西路66号-中国技术交易大厦A座如合适请投递简历或直接电话沟通。联系人任翠芳15321424572/18733508775工作地址海淀分公司北京市海淀中关村北四环西路66号-中国技术交易大厦A座1210室,海淀分公司海淀中关村北四环西路66号-中国技术交易大厦A座如合适请投递简历或直接电话沟通。联系人任翠芳15321424572/18733508775工作地址海淀分公司北京市海淀中关村北四环西路66号-中国技术交易大厦A座1210室工作地址海淀分公司海淀中关村中国技术交易大厦1210室,2018-03-18,北京-海淀区,民营,100-499人,,本科,10001-15000元/月
北京,.net,.NET/C#工程师,,中粮酒业,10000-20000,北京-朝阳区,招聘中,http://jobs.zhaopin.com/120884377302363.htm,1.  适合公司发展需要的软件产品的调研、分析、设计及开发管理2.  对各业务部门提出的开发需求进行梳理、开发工作的组织、实施和维护3. 负责与SAP系统进行数据交互的各类数据接口的设计，开发，维护4. 负责公司其他自开发系统、数据接口的需求分析，架构设计，编码实现工作5. SQLServer数据库的维护及日常管理6. 负责公司BPM审批系统运行维护的部分工作,1、 精通C#语言，熟悉MVC框架技术，有数据接口的设计开发能力2、熟悉HTML5、CSS、JavaScript、JQuery等页面开发技术，能实施网站部署及运维；3、熟练应用SQLServer数据库，并能完成对SQLServer数据库的日常管理；4、熟练掌握.NET开发技术，直接或经过简单培训能在K2引擎基础上进行BPM流程的开发与运维；5、熟悉前端技术者，有APP或者微信开发经验者优先,-,2018-03-18,北京-朝阳区,国企,10000人以上,3-5年,本科,10000-20000元/月
北京,.net,.net开发工程师.,,新东方教育（科技）集团,10001-15000,北京,招聘中,http://jobs.zhaopin.com/120002369303617.htm,1.     根据开发进度和任务分配，完成相应模块的开发、编程任务；2.     对公司现有项目进行维护优化；3.     与团队中其他成员进行有效沟通协作,1、3年以上ASP.NETC#开发工作经验；能够独立工作。2、进行过微信登录、微信支付的开发。3、熟练开发PC端程序。4、熟练使用VisualStudio2013  等相关开发工具；熟悉sql2014数据库。5、熟悉B/S结构，掌握Js、jQeury、html5、XML等技术；6、思路清晰，代码规范，具备良好的分析和解决问题的能力。,北京海淀区新东方大厦,2018-03-18,北京,上市公司,10000人以上,3-5年,本科,10001-15000元/月
北京,.net,.NET中级软件工程师,,扬帆在线(北京)科贸有限公司,8000-16000,北京-海淀区,招聘中,http://jobs.zhaopin.com/165386228250127.htm,1.根据公司系统需求、完成相应系统功能的研发任务； 2.负责系统前台、后台代码编写、单元测试、代码维护工作； 3.负责对外API接口开发；,1.3年以上asp.Net项目开发经验，B/S架构项目经验；2.熟练ASP.NETMVC、JavaScript/Jquery/Ajax、HTML&CSS、XML、C#语言等开发技术；3.熟练在SQLServer2008及以上环境中的视图、存储过程、函数等编写，熟悉基本的数据表优化方法；4.熟悉WCF、WEBAPI、EF、IOC等技术、熟悉常用的设计模式；5.乐于学习，有强烈的责任心和团队合作精神，有很好的适应能力和解决问题的能力；6.有大型电子商务网站经验者优先；薪资福利1.工资8000-16000。2.五险一金，提供住宿；3.双休，法定节假日休息，春节放假十三天；4.本科学历可以帮助办理北京工作居住证。,北京市海淀区上地创业中路36号留学人员海淀创业园二层,2018-03-18,北京-海淀区,民营,100-499人,3-5年,本科,8000-16000元/月
北京,.net,.NET高级软件工程师,,扬帆在线(北京)科贸有限公司,10000-20000,北京-海淀区,招聘中,http://jobs.zhaopin.com/165386228250128.htm,1.负责公司核心产品开发的设计、开发、测试、调试与上线整个产品过程；2.负责公司与合作伙伴、第三方平台的集成对接；3.负责编写过程设计、软件说明书等文档。,1.5年以上asp.Net项目开发经验，B/S架构项目经验；2.熟练ASP.NETMVC、JavaScript/Jquery/Ajax、HTML&CSS、XML、C#语言等开发技术；3.熟练在SQLServer2008及以上环境中的视图、存储过程、函数等编写，熟悉基本的数据表优化方法；4.熟悉WCF、WEBAPI、EF、IOC等技术、熟悉常用的设计模式；5.熟悉Redis的应用6.乐于学习，有强烈的责任心和团队合作精神，有很好的适应能力和解决问题的能力；7.有大型电子商务网站经验者优先；8.大学本科相关专业。薪资福利1.工资10000-20000。2.五险一金，提供住宿；3.双休，法定节假日休息，春节放假十三天；4.本科学历可以帮助办理北京工作居住证。,北京市海淀区上地创业中路36号留学人员海淀创业园二层,2018-03-18,北京-海淀区,民营,100-499人,5-10年,本科,10000-20000元/月
北京,.net,高级.NET开发工程师,,四川华澳新桥集团有限公司,10001-15000,北京,招聘中,http://jobs.zhaopin.com/487054332250358.htm,1.     参与需求设计，评估技术难度和开发周期，难点预研。2.     核心功能架构设计和功能实现。3.     细化功能模块，指导初级开发人员完成功能开发。4.     代码评审（CodeReview），功能检查和测试。5.     功能上线和日常问题处理。6.     架构设计、详细设计、核心代码实现。7.     测试、日常维护、问题处理。8.     需求沟通，分析技术难度和可行性、系统设计。9.     相关接口核心功能开发，检查和上线。10. 集团网站，子系统，支持系统规划设计。11. 协助上级执行规范，审核代码，对初级人员进行培训。12. 日常问题处理，新技术研究推广，指导初级开发人员。13. 完成领导安排的临时性工作。,1.     熟练使用OFFICE，IDEA，SQLSERVER等相关软件。2.     掌握Spring，SpringMVC，Mybatis，Redis，Javascript，Css，Ajax等知识，并灵活应用。3.     熟悉SQLSERVER，MYSQL等大型数据库中的一种或多种，熟练编写SQL语句及SQL优化。4.     有良好的编码习惯。5.     工作态度端正，细致严谨，较强的逻辑分析能力，良好的沟通能力与执行能力。6.     对技术有激情，喜欢钻研，能快速掌握新技能，有较强的自主学习能力。,北京市朝阳区望京保利国际广场T1-803,2018-03-18,北京,民营,1000-9999人,3-5年,本科,10001-15000元/月
北京,.net,ASP.NET(C#)研发工程师,,浙江齐聚科技有限公司北京分公司,10001-15000,北京,最近,http://jobs.zhaopin.com/329225217252110.htm,1、参与后台系统架构设计、功能定义；2、参与项目相关技术文档编写；3、根据设计文档或需求说明完成代码编写、调试、单元测试；4、分析并解决软件开发过程中的问题；5、配合项目经理完成相关任务目标。,1、精通ASP.NET、C#，熟练使用VisualStudio开发工具，熟悉B/S架构设计及开发；2、精通MSSQL数据库，精通存储过程，熟练使用SQL语言，具备一定的SQL优化技巧；3、熟悉CSS、HTML5、JavaScript、AJAX、WebServices、RESTful等技术；4、具备良好的编码习惯、有良好的沟通能力及团队协作意识，能承受工作压力。5、统招本科及以上学历，具有1~3年以上开发经验。,北京市东城区和平里东街11号雍和航星园三号楼一层,2018-03-18,北京,其它,100-499人,1-3年,本科,10001-15000元/月
北京,.net,.NET软件开发工程师J11610,,方正国际软件（北京）有限公司,面议,北京,招聘中,http://jobs.zhaopin.com/145641624258450.htm,工作职责1、负责项目的设计、开发、维护；2、独立完成模块的设计、编码、测试以及相关文档；3、按照项目计划，在保证质量的前提下、按时完成开发任务；4、和项目相关管理、测试和需求等人员沟通和合作任职资格,岗位要求1.计算机、软件工程及其相关专业，本科及以上；2.2年以上B/S架构开发经验；3.具有较好的数据库设计、开发、调优经验；4.精通HTML、JavaScript、JQeury、CSS、XML、WebService、AJAX等技术5.有责任心，工作效率高，具有良好交流沟通能力和团队协作意识；,北京海淀区北四环西路52号方正国际大厦5层,2018-03-18,北京,合资,1000-9999人,3-5年,本科,
北京,.net,集团总部-ERP部-NET开发工程师,,搜狐公司,2001-4000,北京,招聘中,http://jobs.zhaopin.com/000016520283796.htm,1、参与公司CRM系统架构设计与开发，以及现有项目产品的升级与维护2、能高效地完成后台应用及底层架构的开发，并完成单元自测3、对现有系统的功能优化及配合业务及财务完成后台服务流程的梳理和优化,1、精通.NET/C#语言熟悉.NETMVC框架和WebAPI，对消息队列，Redis有了解者优先；2、掌握HTML（DIV+CSS）、Html5，JavaScript/AJAX，Jquery等技术3、熟悉SQLServer数据库和SQL语句4、有工作流相关开发经验、熟悉OracleBIEE优先5、具有较强的学习能力，良好的沟通协作能力和团队精神。,北京市北京市海淀区科学院南路2号融科资讯中心C座南楼,2018-03-18,北京,合资,1000-9999人,3-5年,本科,2001-4000元/月
北京,.net,JTZNYX-高级ASP.NET研发工程师,,易车公司,15001-20000,北京,招聘中,http://jobs.zhaopin.com/136211339266063.htm,1、负责公司产品核心模块的日常研发工作，辅助研发经理完成技术攻关和模块架构设计等相关工作2、负责公司移动端（微信小程序方向)或PC端(广告系统)的业务研发实现，按照研发经理的要求对其所负责的模块完成架构与研发落实3、能按时、独立、高质量地完成工作，确保相关代码逻辑的健壮性与正确性，利用所掌握知识构建高可用高性能 安全高扩展的系统4、带领部分初级人员完成项目任务，指导初级人员技术实现., 1、统招本科以上学历，计算机相关专业毕业。具有大型互联网企业系统高并发工作经验优先，熟悉广告平台或微信体系开发(小程序，公众号)优先。2、至少三年以上Asp.NetC#(B/S)项目开发经验；3、熟悉.Net框架，熟练使用VisualStudio开发环境，精通.NETMVC、WCF、ADO.NET、Ajax框架等技术；4、精通SQLServer等数据库技术，能够熟练的使用存储过程、事务、索引、视图、全文检索、查询优化等技术；5、熟悉HTTP协议，熟悉HTML、CSS、JAVASCRIPT/AJAX、jQuery、DIV+CSS、XML等相关Web技术；7、深入理解B/S架构，掌握NET平台的开发模型与框架；8、能独立对项目的业务逻辑处理进行分析规划，并实现相关功能应用开发；7、具有强烈的责任心和团队合作能力，对技术有浓厚的兴趣，乐于接受新鲜事物，具有良好的学习、沟通能力，逻辑思维缜密，独立思考并且敢于创新和接受挑战。,海淀区西直门外大街168号腾达大厦裙楼,2018-03-18,北京,外商独资,1000-9999人,3-5年,本科,15001-20000元/月
北京,.net,.NET开发工程师,,浪潮集团有限公司,8001-10000,北京,招聘中,http://jobs.zhaopin.com/120143601265084.htm,1、开发集团办公电子流；2、执行主管经理下达的开发任务，按时、按质完成工作；3、执行本部门制定的应用系统维护条例。   ,1、计算机相关专业，专科或以上学历；2、一年以上.NET软件开发工作经验；3、熟练掌握.NET开发工具，至少熟悉ORACLE、SQLSERVER其中一种数据库；4、良好的学习能力，可以根据工作需要学习新的技术，使用新技术；5、良好的责任心及团队合作能力、系统分析能力；6、与公司其他需求部门进行良好的沟通、互动；7、面试时请携带作品或案例。 E-mailfengzhh@inspurworld.com,北京,2018-03-18,北京,国企,10000人以上,1-3年,大专,8001-10000元/月
北京,.net,.net开发工程师,100%,北京伯众联合管理咨询有限公司,6000-12000,北京-海淀区,招聘中,http://jobs.zhaopin.com/406475887250309.htm,,1.本科及以上学历，条件优秀者可适当放宽；2.软件工程、计算机科学与技术等专业；3.至少二年以上.Net网站后台开发工作经历，熟练应用C#开发语言；4.掌握ASP.Net框架结构和控件应用，熟悉MVC编程模式；5.了解HTML、JavaScript、jQuery、CSS、Ajax等开发技术；6.熟悉SQLServer数据库技术；7.良好的编码、注释习惯。其他技术要点说明1、服务器环境windos系统；2、控件要求b/s(对B/S与C/S都熟悉的更好）；3、框架ASP.Net；4、运维了解程度不要求。,北京市海淀区农大南路88号万霖大厦402室,2018-03-18,北京-海淀区,其它,20-99人,3-5年,本科,6000-12000元/月
北京,.net,.net高级软件工程师,100%,北京四维益友信息技术有限公司,10001-15000,北京,招聘中,http://jobs.zhaopin.com/205285719251677.htm,1、参与公司产品的设计，负责核心技术开发工作；2、根据开发规范与流程完成系统设计、编码、单元测试以及相关文档的编写；3、指导软件开发工程师的开发工作，优化代码开发质量。,1、精通.NET框架，精通.NET开发环境；2、精通B/S结构开发模式，能够较好的运用JQuery、HTML、JAVASCRIPT、CSS、Ajax等技术；3、熟悉WebService开发，WebApi等技术；4、精通C#开发语言，具有三年以上C#.NET开发经验，熟悉MVC架构；5、精通SQLServer数据库，能独立编写存储过程、触发器等；6、有良好的编程规范及开发技能及撰写技术文档能力，有较好的合作精神和主动性。,北京市丰台区联华世纪写字楼506室,2018-03-18,北京,民营,100-499人,,本科,10001-15000元/月
北京,.net,高级.NET研发工程师,100%,北京易天正诚信息技术有限公司,15000-20000,北京-海淀区,最新,http://jobs.zhaopin.com/693734426250052.htm,,,北京市海淀区信息路甲28号科实大厦C座C201,2018-03-18,北京-海淀区,股份制企业,20-99人,3-5年,大专,15000-20000元/月
北京,.net,ASP.NET高级工程师,99%,北京易天正诚信息技术有限公司,15000-20000,北京-海淀区,最新,http://jobs.zhaopin.com/693734426250044.htm,,,北京市海淀区信息路甲28号科实大厦C座C201,2018-03-18,北京-海淀区,股份制企业,20-99人,3-5年,本科,15000-20000元/月
北京,.net,.Net中高级技术工程师 （呼叫中心方向）,99%,北京中致投资管理有限公司,10000-20000,北京,最新,http://jobs.zhaopin.com/684154228250607.htm,   1、熟悉软件开发流程，根据公司战略要求，负责对公司产品进行需求分析，制定实施计划及交付周期   2、根据公司产品需求，完成产品的数据架构与设计实现   3、全程参与产品的需求分析、设计实现、数据架构及产品研发   4、积极配合产品设计，保证从产品设计到产品输出的顺利进行   5、合理安排研发工作，按照要求完成产品的研发任务   6、完成呼叫中心系统的开发工作，以及和CRM系统的集成、对接工作   7、用于探索新技术，并不断将新技术应用到公司产品中，不断完善技术方案   8、积极配合项目经理完成项目技术难点攻坚，顺利完成项目任务   9、负责与项目经理接口，熟悉项目的开发计划，完成项目的概要设计及数据库设计；   10、按计划完成功能模块的功能设计、代码实现，代码编写和单元测试，并提交测试人员进行功能测试；   11、与测试人员对接，完成产品相关功能模块的升级及BUG修复；   12、完成项目相关文档例如《详细设计说明书》等的编写；   13、严格遵守相关开发工具的编码规范；,   1、本科及以上学历，计算机相关专业，三年以上工作经验   2、有呼叫中心系统开发经验者优先；   3、精通.NET开发平台，有大型B2C网站、CRM系统开发经验者优先   4、精通JQuery、Javascript、Html、CSS等主流前端技术，能够解决简单的前端问题   5、具有良好的逻辑思维能力，工作细致，责任心强，学习能力强，能够及时辅导本部门其他人员完成任务   6、具备良好的工作热情，能承受较大的工作压力，沟通交流能力好，团队合作意识强，并且具有忧患意识，积极解决产品中存在的隐患,北京市丰台区广安路9号院国投财富广场6号楼7层,2018-03-18,北京,股份制企业,100-499人,3-5年,大专,10000-20000元/月
北京,.net,.NET开发工程师,99%,天信达信息技术有限公司,8000-12000,北京,招聘中,http://jobs.zhaopin.com/000380540250088.htm,1、 负责货运相关产品研发工作；2、 独立完成单项功能模块设计、开发、单元测试工作；3、 参与货站项目需求调研、培训实施；4、 优化、规范、维护现有功能代码。,1、 2年以上.NET开发经验；2、 熟悉.NET框架，熟悉.NET开发环境，理解OOP开发思想3、 熟悉C#、ASP.NET、MVC、Win Form，熟悉主流前后台开发技术4、 熟悉数据库相关知识，能够熟练应用ORACLE数据库进行开发5、 具有良好规范的文档和编程习惯；能承受较强工作压力，热衷于不断研究和学习最新技术；理解能力强，能根据项目需求准确完成交付的开发任务；备注1.公司现办公地址为北京市朝阳区幸福三村东兴里11号；计划今年年底搬迁至北京市顺义区后沙峪中国航信高科技产业园；2.可提供员工宿舍；3.家住顺义区的优先考虑录用。,顺义区后沙峪镇中国航信高科技产业园,2018-03-18,北京,合资,100-499人,3-5年,本科,8000-12000元/月
北京,.net,.net高级研发工程师,99%,北京易天正诚信息技术有限公司,10000-17000,北京-海淀区,最新,http://jobs.zhaopin.com/693734426250049.htm,,,北京市海淀区信息路甲28号科实大厦C座C201,2018-03-18,北京-海淀区,股份制企业,20-99人,1-3年,本科,10000-17000元/月
北京,.net,.NET网络爬虫工程师,99%,北京易天正诚信息技术有限公司,10000-17000,北京-海淀区,最新,http://jobs.zhaopin.com/693734426250050.htm,,,北京市海淀区信息路甲28号科实大厦C座C201,2018-03-18,北京-海淀区,股份制企业,20-99人,,本科,10000-17000元/月
北京,.net,.Net中高级技术工程师,98%,北京中致投资管理有限公司,10000-20000,北京,最新,http://jobs.zhaopin.com/684154228250608.htm,  1、熟悉软件开发流程，根据公司战略要求，负责对公司产品进行需求分析，制定实施计划及交付周期   2、根据公司产品需求，完成产品的数据架构与设计实现   3、全程参与产品的需求分析、设计实现、数据架构及产品研发   4、积极配合产品设计，保证从产品设计到产品输出的顺利进行   5、合理安排研发工作，按照要求完成产品的研发任务   6、积极配合项目经理寻求大规模数据检索方案，不断完善和优化数据模型并不断提高大规模数据检索效率   7、用于探索新技术，并不断将新技术应用到公司产品中，不断完善技术方案   8、积极配合项目经理完成项目技术难点攻坚，顺利完成项目任务   9、负责与项目经理接口，熟悉项目的开发计划，完成项目的概要设计及数据库设计；   10、按计划完成功能模块的功能设计、代码实现，代码编写和单元测试，并提交测试人员进行功能测试；   11、与测试人员对接，完成产品相关功能模块的升级及BUG修复；   12、完成项目相关文档例如《详细设计说明书》等的编写；；   13、严格遵守相关开发工具的编码规范；,   1、本科及以上学历，计算机相关专业，三年以上工作经验   2、精通.NET开发平台，有大型B2C网站、CRM系统开发经验者优先   3、精通JQuery、Javascript、Html、CSS等主流前端技术，能够解决简单的前端问题   4、具有良好的逻辑思维能力，工作细致，责任心强，学习能力强，能够及时辅导本部门其他人员完成任务   5、具有大规模数据处理经验，善于改造数据设计结构，增加数据检索效率   6、具备良好的工作热情，能承受较大的工作压力，沟通交流能力好，团队合作意识强，并且具有忧患意识，积极解决产品中存在的隐患,北京市丰台区广安路9号院国投财富广场6号楼7层,2018-03-18,北京,股份制企业,100-499人,,不限,10000-20000元/月
北京,.net,.net中级软件工程师,98%,雷势万廷信息技术(北京)有限公司济南分公司,10001-15000,北京,招聘中,http://jobs.zhaopin.com/554095627250169.htm,1、根据开发规范与需求完成模块的设计、编码、测试以及相关文档的处理工作；2、根据开发过程中的具体情况对系统提出改进建议。,1、熟练使用C#，asp.netMVC，VisualStudio开发平台，熟悉多架构技术的开发；2、熟悉SQLServer数据库平台；熟悉前端的HTML、Div+Css、JavaScript等技术；3、具备3年以上asp.netmvc项目开发经验；联系人杨经理 联系方式15154185360,通州区砖厂南里46号楼华远好天地A座1105,2018-03-18,北京,民营,100-499人,3-5年,不限,10001-15000元/月
北京,.net,C#、Asp.Net工程师（双休不加班）,98%,中国采招网,6001-8000,北京,招聘中,http://jobs.zhaopin.com/156328115274624.htm,,1、一年以上工作经验2、精通ASP.NET，C#等开发语言；3、熟悉MSSQL等数据库，能够熟练编写SQL语句；4、精通XML，WEBService等开发；5、熟练使用Jquery脚本；6、能够完成网站的设计、开发工作；7、熟悉网站部署，能独立完成ASP.NET站点的部署工作；8、了解windowsServer2003，2008等各类操作系统以及相关的应用；9、良好的沟通、协调以及较强自学能力，逻辑思维能力强，有较强的条理性和判断力，具备强烈的责任感；文档撰写能力强；10、工作认真负责，有较强的独立判断与解决相关问题的能力；11、请提供所开发网站的链接。 详情登陆www.bidcenter.com.cn 联系人陈小姐电   话010-88116545,北京市海淀区阜成路111号裕美达大厦5层,2018-03-18,北京,民营,100-499人,1-3年,不限,6001-8000元/月
北京,.net,.net工程师,98%,北京嘉和美康信息技术有限公司,5000-10000,北京,最近,http://jobs.zhaopin.com/146296596251298.htm,1.参与公司医疗信息化项目的开发和技术支持工作2.完成软件模块的编码和测试工作3.完成公司其他项目的技术支持工作,1、本科及以上学历，计算机相关专业；2、一年以上开发工作经验；3、熟悉.NET、C#技术；4、熟悉SQLServer、Oracle或MySQL其中至少一种数据库，熟练使用SQL编程；5、有良好的代码书写规范和文档编写能力。,北京市海淀区上地信息产业基地开拓路7号先锋大厦一段,2018-03-18,北京,民营,500-999人,,不限,5000-10000元/月
北京,.net,.net软件开发工程师,98%,北京筑业志远软件开发有限公司,8001-10000,北京,最近,http://jobs.zhaopin.com/296707312250514.htm,1、负责相关产品或项目的需求调研和需求分析、系统设计，并编写相关技术文档；2、精通B/S框架开发，负责项目系统框架架构和核心代码编写，为能解决开发中的技术难题；3、精通后端底层框架技术，及相应的设计模式，能独立完成模块的设计、编码、测试工作，有良好的编码习惯；4、按公司业务需求，带领团队按质按时完成项目开发任务；5、很强的分析能力，解决问题和修复软件bug的能力；6、逻辑思维清晰，具有良好的口头与书面交流能力，较好的团队合作能力和沟通能力。,1、计算机及相关专业，5年以上工作经验或有三个以上C/S或B/S大中型项目开发经验；2、熟悉MVC，Nhibernate，Spring.Net架构，精通C#语言及ASP.net开发及相关开发工具；3、精通数据库基本原理，有Oracle/MicrosoftSQLserver/MySql开发经验，熟练应用SQL语言，存储过程，触发器；  4、了解企业管理软件，了解系统安全，性能优化等方面技术，有进销存系统、ERP系统开发经验者优先；5、熟悉HTML、JavaScript、JQuery、LinQ、CSS、XML、WebService、AJAX等技术；6、有互联网电商项目开发经验者优化。,北京市海淀区西三旗泰华龙旗广场E座13层,2018-03-18,北京,民营,100-499人,,大专,8001-10000元/月
北京,.net,高级.net软件工程师,,成都市文景智旅网络科技有限公司,面议,北京,最近,http://jobs.zhaopin.com/261916218258314.htm,,,成都市高新区,2018-03-18,北京,民营,100-499人,3-5年,本科,
北京,.net,开发部6ASP.net程序员,,阁瑞钛伦特软件(北京)有限公司,8001-10000,北京,最近,http://jobs.zhaopin.com/569159528254839.htm,①网站及相关项目的开发与维护；②根据设计文档或需求说明完成代码编写、调试、单元测试；③协助测试工程师制定测试计划，解决发现的问题；④配合项目经理完成相关任务目标。,①计算机及相关专业，应届毕业生、大四全职实习生均可；②熟悉.NET技术架构，熟悉C#；③熟悉Web前端开发，熟悉JavaSCript、CSS（了解HTML5/CSS3优先）；④了解IIS的配置；⑤熟悉数据库方面的知识，熟悉掌握sqlserver数据库，能较熟练使用各种SQL语句及视图、存储过程等；⑥工作积极主动性高，热爱开发工作，逻辑思维和学习能力强，沟通能力强，具备团队精神。,北京市朝阳区高碑店民俗文化园爱家臻品宫二层,2018-03-18,北京,民营,100-499人,,本科,8001-10000元/月
北京,.net,开发部2.Net体系架构师,,阁瑞钛伦特软件(北京)有限公司,8001-10000,北京,最近,http://jobs.zhaopin.com/569159528254694.htm,,,北京市朝阳区高碑店民俗文化园爱家臻品宫二层,2018-03-18,北京,民营,100-499人,,大专,8001-10000元/月
北京,.net,开发部38k.NET软件开发WEB,,阁瑞钛伦特软件(北京)有限公司,8001-10000,北京,最近,http://jobs.zhaopin.com/569159528254161.htm,,,北京市朝阳区高碑店民俗文化园爱家臻品宫二层,2018-03-18,北京,民营,100-499人,,大专,8001-10000元/月
北京,.net,开发部4net软件开发工程师,,阁瑞钛伦特软件(北京)有限公司,8001-10000,北京,最近,http://jobs.zhaopin.com/569159528254510.htm,1、参与核心项目研发工作，负责后台业务逻辑及数据通信接口的开发实现；2、根据功能需求、进行系统架构规划与设计，完成系统模块的设计、开发工作；3、依据功能需求、数据通信接口定义模版、数据接口定义，具体实现数据通信接口的开发工作；4、负责项目业务逻辑系统的单元测试；5、编写设计文档及单元测试用例；6、主动发现问题，及时向主管反馈； , (1)、工作经验不限； (2)、熟悉.NETMVC架构，并有其编程经验者优先考虑； (3)、熟悉.NETFramework架构，并有其编程经验； (4)、熟悉三层架构；熟练使用C#语言； (5)、熟练掌握ADO.NET、ASP.NET、WebService等编程技术； (6)、熟悉SQLServer数据库，熟练掌握T-SQL语句及编程； (7)、熟悉Javascript、VBSCRIPT、XML，能开发高效的页面程序； (8)、熟练掌握VisualStudio.NET开发工具，能够熟练开发WEB、WIN应用软件； 福利待遇1.公司另设年终金、饭补、交通补助、过节费等；2.公司将根据业务发展以及员工的工作情况，不定期地为员工提供内部培训和技术分享；3.提供“五险一金”和良好的职业发展空间。 ,北京市朝阳区高碑店民俗文化园爱家臻品宫二层,2018-03-18,北京,民营,100-499人,,不限,8001-10000元/月
北京,.net,开发部18K.NET软件开发,,阁瑞钛伦特软件(北京)有限公司,6001-8000,北京,最近,http://jobs.zhaopin.com/569159528252850.htm,,,北京市朝阳区高碑店民俗文化园爱家臻品宫二层,2018-03-18,北京,民营,100-499人,,本科,6001-8000元/月
北京,.net,.Net开发工程师-北京-02261,,博彦科技股份有限公司,10000-20000,北京,招聘中,http://jobs.zhaopin.com/000163976261739.htm,,1.2+yearsofworkingexperienceinITapplicationareainMNC.l2.Morethan2yearsofexperienceinITwebbasedapplicationsystemdevelopmentproject(.Netplatform).l3.SolidexperiencesinMSSQLserverandwebbaseddevelopmentwithASP.netandC#isamust.Experiencesandknowledgeinotherprogramminglanguages，i.e.JavaScript，HTML，C++，etc，isaplus.l4.GoodexperiencesinWCF/Webservices，experienceinWebClientSoftwareFactoryisaplus.l5.Goodcommunicationsskillsandtheabilitytoworkwellwithpeoplewithdiverseculturebackground.l6.Goodlearningagility.7.Goodteamplayer.l8.GoodoralandwrittenEnglishskills,北京市朝阳区远洋光华国际大厦C座,2018-03-18,北京,上市公司,10000人以上,1-3年,不限,10000-20000元/月
北京,.net,高级开发工程师（Java/.Net）-北京-02407,,博彦科技股份有限公司,15000-25000,北京,招聘中,http://jobs.zhaopin.com/000163976261871.htm,负责核心物流系统的开发、设计和维护工作；负责团队技术能力的提升、代码规范,1、计算机相关专业，五年以上Java/C++/C#开发经验；2、良好的面向对象编程能力，良好的代码习惯；3、精通SSH等常用开源框架，或熟练掌握ASP.NET等，对前后端都要熟悉；4、优秀的沟通协调、团队合作意识以及抗压能力；5、物流系统开发经验更佳、有技术团队管理经验更佳。,15号线地铁国展站—中外运大厦（上下班时间弹性、班车接送）介意地点的求职者，还请慎重投递。,2018-03-18,北京,上市公司,10000人以上,5-10年,本科,15000-25000元/月
北京,.net,.NET/C#开发-北京-02060,,博彦科技股份有限公司,8000-15000,北京,招聘中,http://jobs.zhaopin.com/000163976261566.htm,1.根据项目需求，编写相关文档，完成代码编写和数据库设计；2.团队合作解决开发过程中碰到的技术问题,1.熟练使用C#语言，熟悉ASP.NET2.掌握基本的数据结构和算法知识，良好的编程习惯3.熟悉JavaScript，CSS，HTML，ASP.NETMVC等4.熟悉SQLServer等数据库技术，能够熟练使用SQL编程5.英文四级以上，可以进行流利读写6.计算机类、数学类专业毕业　职位概述该职位针对代码习惯好，算法基础好的程序猿/媛提供完备的成长机制，团队同事nice，公司环境很好。 ,北京市海淀区西北旺东路10号院7号楼博彦科技大厦,2018-03-18,北京,上市公司,10000人以上,,不限,8000-15000元/月
北京,.net,.net,,中软国际科技服务有限公司深圳分公司,面议,北京-朝阳区,招聘中,http://jobs.zhaopin.com/508620126262301.htm,,1.精通C#语言、Asp.netWebForm开发、WCF开发、Asp.netMVC、WebAPI开发；Jquery、Angular、Bootstrap2.熟练使用SQLServer数据库，会数据表表设计、存储过程、索引设计、EntityFramework、Log4Net3.对软件架构、分层设计熟练掌握；4.4年以上大专及以上学历，计算机相关专业,朝阳区朝阳门,2018-03-18,北京-朝阳区,上市公司,10000人以上,3-5年,大专,
北京,.net,.net开发工程师-北京-02480,,博彦科技股份有限公司,10001-15000,北京,招聘中,http://jobs.zhaopin.com/000163976261938.htm,1.负责.NET项目的整体框架设计、核心代码开发，解决系统建设，开发效率，运行质量，完成相关的工作计划制定并达成工作目标；2.负责新技术的研究与技术积累、关键技术的验证，并能服务于相关业务发展，使应用系统在技术应用上保持一定的领先地位；3.开发和维护统一的软件开发架构，对系统的重用、扩展、安全、性能、伸缩性、简洁等做系统级的把握，为技术决策提供规则；4.通过开发工具或开发方法的改进，提高开发效率；5.负责核心技术问题的攻关，系统优化；协助解决项目开发过程中的技术难题；,1、精通.Net、熟练使用C#、jquery、json、XML、WCF技术；2、精通SQLSERVER、MYSQL（能熟练编写SQL、存储过程）、数据库设计、能对数据库性能进行优化；3、熟悉市场常用的前端技术框架几种或之一如easyui、extjs、DWZ、bootstrap、angularJs、Node.js并研发过项目优先、带有作品优先；4、最好具备ERP、进销存系统或者报表系统并有开发经验者优先;有架构经验者与偏好架构者优先；5、三年以上B/S系统开发经验，熟悉C/S项目研发；6、具备较强的工作计划、沟通及分析能力，优秀的团队协作精神、敬业精神，能承受工作压力、爱好新技术;备注最好能准备一些自已的技术经验演示。,北京市海淀区西北旺东路10号院7号楼博彦科技大厦,2018-03-18,北京,上市公司,10000人以上,3-5年,不限,10001-15000元/月
北京,.net,开发部五5.NET软件开发,,阁瑞钛伦特软件(北京)有限公司,8001-10000,北京,最近,http://jobs.zhaopin.com/569159528254241.htm,,,北京市朝阳区高碑店民俗文化园爱家臻品宫二层,2018-03-18,北京,民营,100-499人,,大专,8001-10000元/月
北京,.net,开发部四.NET软件开发,,阁瑞钛伦特软件(北京)有限公司,8001-10000,北京,最近,http://jobs.zhaopin.com/569159528254201.htm,,,北京市朝阳区高碑店民俗文化园爱家臻品宫二层,2018-03-18,北京,民营,100-499人,,大专,8001-10000元/月
北京,.net,ASP.Net（angular）工程师,,软通动力信息技术(集团)有限公司,15000-25000,北京,招聘中,http://jobs.zhaopin.com/000544466278519.htm,,比较高，针对客户的需求需要能给出合理技术解决方案并讲清楚为什么）。,北京市海淀区西二旗,2018-03-18,北京,上市公司,10000人以上,3-5年,本科,15000-25000元/月
北京,.net,.NET开发工程师(013732),,北京汉能光伏投资有限公司,10001-15000,北京,招聘中,http://jobs.zhaopin.com/697584622292401.htm,1.负责集团相关应用系统的运行维护和性能优化。2.负责新需求的详细设计，代码编写和单元测试。3.参与.Net软件项目或产品的架构设计。4.配合部门经理完成相关任务目标，为相关部门和人员提供技术支持。5.负责.NET项目功能详细设计6.参与其他应用系统项目开发。7.协助业务部门参与流程梳理与建设。8.参与公司应用系统相应管理规范与流程的梳理及建设。9.参与团队、部门的相关建设活动。10.协助建立团队的技术学习氛围。,1.年龄25-30岁；2.大学本科及以上学历，信息技术相关专业；3.2年以上.NET系统开发或运维经验。；4.计算机相关专业本科以上学历，2年以上工作经验或相关项目研发经验；5.精通.Net（C#）开发语言；熟悉ASP.NETMVC架构模式；6.对面向对象的编程思想有比较深的了解和应用；7.对数据库的基本原理和内部实现机制有深入的理解，掌握oracle、sqlserver、MySql等常用数据库；8.了解JAVA开发优先。9.能够独立完成信息系统相关需求、设计及开发实现以及指导新人等工作。,北京朝阳区安立路0-A号（奥森公园北园东门南100米）,2018-03-18,北京,上市公司,10000人以上,3-5年,本科,10001-15000元/月
北京,.net,Net 开发,,软通动力信息技术(集团)有限公司,14000-18000,北京,招聘中,http://jobs.zhaopin.com/000544466278700.htm,,,北京中石油勘探院(北京市海淀区学院路20号),2018-03-18,北京,上市公司,10000人以上,3-5年,本科,14000-18000元/月
北京,.net,开发部5ASP.net程序员,,阁瑞钛伦特软件(北京)有限公司,8001-10000,北京,最近,http://jobs.zhaopin.com/569159528254259.htm,1、精通C#、ASP.NET/WinForm；2、熟悉DIV+CSS，JavaScript、JQuery；3、熟悉网络编程，数据包分析；4、精通SQLServer，能熟练编写存储过程、标量值函数，熟悉MySql数据库；(有数据库性能调优者优先)5、具有扎实的算法基础，具有严密的逻辑思维能力6、热爱编程开发工作，对新技术有强烈的求知欲，对待工作认真。。,工作经验3-5年左右，具体要看个人技能、项目经验和工作经验。,北京市朝阳区高碑店民俗文化园爱家臻品宫二层,2018-03-18,北京,民营,100-499人,,大专,8001-10000元/月
北京,.net,.net开发工程师,,智联招聘网/Zhaopin.com,10001-15000,北京,招聘中,http://jobs.zhaopin.com/CC120019970J00028139811.htm,1、负责相关产品或项目的需求调研和需求分析、系统设计，并编写相关技术文档；2、精通B/S框架开发，负责项目系统框架构和核心代码编写，能解决开发中的技术难题；3、精通后端底层框架技术，及相应的设计模式，能独立完成模块的设计、编码、测试工作，有良好的编码习惯；4、按公司业务需求，按质按时完成项目开发任务；5、很强的分析能力，解决问题和修复软件bug的能力；6、逻辑思维清晰，具有良好的口头与书面交流能力，较好的团队合作能力和沟通能力。,1、计算机及相关专业，三年以上工作经验或有三个以上B/S大中型项目开发经验；2、精通B/S开发方向，MVC使用一年以上；3、精通数据库基本原理，有Oracle/MicrosoftSQLserver/MySql开发经验，熟练应用SQL语言，存储过程，触发器；  4、了解系统安全，性能优化等方面技术；5、熟悉HTML、JavaScript、JQuery、LinQ、CSS、XML、WebService、AJAX等技术；6、有互联网电商项目开发经验者优先,北京市朝阳区阜荣街10号望京首开广场5层,2018-03-18,北京,上市公司,1000-9999人,3-5年,本科,10001-15000元/月
北京,.net,应用系统开发工程师（C#.NET）,,大唐移动通信设备有限公司,面议,北京,招聘中,http://jobs.zhaopin.com/000623245255714.htm,,1、熟悉.NetFrameWork，有相关开发经验，熟练使用VS进行WinForm编程；2、熟悉多线程编程，网络编程；3、熟悉SqlServer数据库，熟练掌握Sql语句，了解触发器，存储过程的使用；4、.Net框架下有Excel处理经验的优先考虑；5、相关工作经验至少1-3年。 ,海淀区学院路29号大唐移动大厦,2018-03-18,北京,国企,1000-9999人,1-3年,本科,
北京,.net,高级.net软件工程师,,成都市文景智旅网络科技有限公司,面议,北京,最近,http://jobs.zhaopin.com/261916218258314.htm,,,成都市高新区,2018-03-18,北京,民营,100-499人,3-5年,本科,
北京,.net,.NET开发（外派到微软）,,中软国际科技服务有限公司深圳分公司,面议,北京,招聘中,http://jobs.zhaopin.com/508620126260183.htm,只要做微软项目的后端，前端，微信开发三个发展方向都可以,1.精通SQL，.NET，c#，熟悉HTML，JavaScript，ASP.NETMVC，ASP.NETWebAPI。2.有reporting相关经验。了解服务器，数据库，数据挖掘和BI。3.根据现有文档，总结，整理，学习feature。4.了解Android开发者优先，需要维护现有Android应用工具。5.英语水平良好，读写能力良好。6.有COSMOS，PowerBI和Avocado经验者优先。 ,中关村微软大厦,2018-03-18,北京,上市公司,10000人以上,1-3年,本科,
北京,.net,.NET工程师,,上海微创软件股份有限公司,8000-15000,北京,招聘中,http://jobs.zhaopin.com/000638929258924.htm,赴码隆科技公司介绍码隆科技是一家专注于深度学习与计算机视觉技术创新，打造国际领先视觉智能技术平台的人工智能公司。工作内容1、负责搭建和维护CRM/OA系统的相关环境2、负责保障CRM/OA系统的正常运行3、根据产品设计，负责对CRM进行前端页面开发，和后端对接各种业务API  ,1、1年以上.NET开发经验2、熟悉ASP.NET/MVC等Web框架，熟悉HTML/CSS/JS语言，至少一种ORM框架3、熟悉SQL Server，有SQL优化的经验4、端正的工作态度，良好的沟通与理解能力5、有Python使用经验者更佳  ,北京-海淀区中关村银科大厦,2018-03-18,北京,合资,1000-9999人,,本科,8000-15000元/月
北京,.net,资深.NET开发工程师,,中兴通讯股份有限公司,10001-15000,北京,招聘中,http://jobs.zhaopin.com/120146702314227.htm, 1、负责功能模块的设计模型、数据库设计等总体模块设计；2、负责指导开发工程师完成功能实现，并对编码质量进行监控；3、负责系统性能优化、疑难技术问题解决；4、配合项目经理达成项目目标。,1、本科及以上学历（本科要求4年以上工作经验，研究生3年以上工作经验，条件优秀可适当放宽）；2、有3年以上.Net设计开发经验，熟悉.Net内部运行机制；3、熟悉Asp.net服务端开发；熟悉Webservices、WebApi、WCF开发；熟悉Http通信原理。4、精通常规javascript脚本编写，熟练使用jquery框架；5、熟悉Oracle或SQLServer，有3年以上相关数据库应用开发经验，熟悉数据库性能优化；6、有良好面向对象软件结构知识，深刻理解软件三层架构原理和MVC设计模式，熟练掌握常用的设计模式及其应用场景；7、熟悉RationalRose，PowerDesigner等常用设计工具，对设计工作有自己的独特见解；8、有vue，anglularjs、react(三者取其一)等开发经验优先；9、能承受工作压力，具有较强责任心，沟通能力，具有良好的团队合作精神。 ,深圳市南山区科技南路55号中兴通讯大厦,2018-03-18,北京,股份制企业,10000人以上,5-10年,本科,10001-15000元/月
北京,.net,.Net工程师-北京-12733,,优信集团,15001-20000,北京,最近,http://jobs.zhaopin.com/431920112266661.htm,1、参与优信业财一体化平台的设计和研发2、根据开发规范与开发流程独立完成模块的设计、编码、测试以及相关文档3、参与基础服务平台的搭建、研发、推广4、参与既有系统的维护和升级优化,1、熟练掌握.NETFramework的相关技术(MVC，EF)，2年以上项目经验，了解.netCore，有至少两个大中型项目的开发经验2、熟悉web开发的常用技术和框架，熟练使用SqlServer，mysql等关系数据库3、熟练使用Memcache/redis/mongoDB等非关系数据库4、熟练Javascript，Css/html等前端技术，有Vue.js和相关前后端分离框架开发经验者优先5、熟悉OO、常用数据结构算法、常用设计模式，对WEB开发有一定的理解6、责任心强，条理清楚，善于学习总结，有良好的团队合作精神和沟通协调能力7、有OA平台和工作流开发经验者优先,北京市朝阳区望京街10号望京SOHOT3B座36-37层,2018-03-18,北京,外商独资,1000-9999人,,不限,15001-20000元/月
北京,.net,asp.net 高级软件工程师,,万科经纪,15000-25000,北京-朝阳区,招聘中,http://jobs.zhaopin.com/431082686250122.htm,   扎实的.NET开发功底，对.NET框架及CRL有较深理解，热爱编程，擅于解决问题并追求完美。良好的编码习惯，熟悉常见的设计模式及实现架构，追求精益求精。喜欢新鲜事物，极强的自学能力，及时关注并跟踪技术(不限于微软）的发展变化，并能快速转换为生产力；勇于创新，敢于突破，拥抱变化。良好的业务洞察力，熟悉数据库和后端服务开发，熟悉前端开发，熟练应用常见的前端框架和技术打造用户喜欢的系统。良好的沟通协调能力，良好的风险控制意识，行动高效且有主见。熟悉微信开发，有微信开发经验更佳。 ,1、使用 ASP.NETMVC进行编程开发，熟悉dapper或NHIBERNATE ORM开发框架。2、熟练掌握JavaScript，css，ajax，html，熟悉Jquery，bootstrap，vue等框架；3、熟练编写SQL语句和存储过程，使用sqlserver相关工具；4、了解Nosql（如Redis、Mongodb等）5. 认可万科的企业文化,北京市朝阳区农展南路甲一号万科中心,2018-03-18,北京-朝阳区,民营,100-499人,3-5年,本科,15000-25000元/月
北京,.net,ASP.Net（azure）工程师,,软通动力信息技术(集团)有限公司,15000-30000,北京,招聘中,http://jobs.zhaopin.com/000544466278523.htm,,,北京市海淀区西二旗,2018-03-18,北京,上市公司,10000人以上,3-5年,本科,15000-30000元/月
北京,.net,开发部1.NET开发工程师,,阁瑞钛伦特软件(北京)有限公司,6001-8000,北京,最近,http://jobs.zhaopin.com/569159528254856.htm,1.负责生产领域用户需求开发；2.负责解决生产领域产品现场问题；,1.大学本科或以上学历，计算机相关专业优先考虑；2.本科工作2年以上，研究生工作1年以上，其中至少1年C#相关实际项目开发经验；3.熟悉1种以上主流数据库（如Oracle、SQLServer、DB2等），熟练使用SQL语言；4.基础知识扎实，能熟练使用C#进行开发，有ERP产品开发经验优先；,北京市朝阳区高碑店民俗文化园爱家臻品宫二层,2018-03-18,北京,民营,100-499人,,大专,6001-8000元/月
北京,.net,开发部2.net初级开发工程师,,阁瑞钛伦特软件(北京)有限公司,8001-10000,北京,最近,http://jobs.zhaopin.com/569159528254106.htm,①熟悉C或Java编程的基础知识；②了解并能使用简单的SQL查询数据库；③具有强烈的求知欲及过硬的自学能力；④计算机专业毕业优先；⑤有过网站开发经验者优先；⑥较好的理解能力和沟通能力，工作积极主动，具备较强的责任感；,①所学专业课程学分达到毕业要求，大专及以上学历，CET4（部分岗位大专生无此要求）；②喜欢计算机，对IT行业感兴趣，立志在IT行业发展；③踏实肯干、吃苦耐劳，具备良好的沟通表达、组织协调和团队协作的能力，专业知识扎实；①享受养老、工伤、失业、医疗、生育等社会保险，购买住房公积金，定期安排免费体检；②符合要求的员工可享受公司每年组织的国内、国外公费旅游，高额购房、购车补助；,北京市朝阳区高碑店民俗文化园爱家臻品宫二层,2018-03-18,北京,民营,100-499人,,大专,8001-10000元/月
北京,.net,C#.net工程师（SharePoint）-外派华能,,中软国际科技服务有限公司深圳分公司,面议,北京,招聘中,http://jobs.zhaopin.com/508620126263549.htm,华能是全球最大发电集团之一，项目涉及的微软产品和技术，包括办公类软件Office、SharePoint、Skype等；操作系统Windows桌面操作系统、Windows服务器操作系统，SystemCenter等；数据库SQLServer，BizTalk等; 开发工具VisualStudio等,a) 计算机相关专业，三年以上C#开发经验，二年以上B/S项目开发经验，一年以上SharePoint部署、配置、开发经验；b) 熟练掌握C#/ASP.NET技术，熟悉ASP.NETMVC框架；c) 熟练掌握WebApi、WCF、HTML、Javascript、CSS等相关技术；d) 熟练掌握SQLServer数据库设计、开发技术， 了解数据库索引、视图、存储过程的原理与使用；e) 良好的面向对象编程能力，良好的代码习惯，良好的学习习惯和解决问题能力；f) 优秀的沟通协调、团队合作能力， 一定的客户沟通能力；g) 思维敏捷、有责任心、具有较强的抗压能力；h) 具备基本的英文技术文档阅读能力。,北京华能大厦,2018-03-18,北京,上市公司,10000人以上,3-5年,大专,
北京,.net,.NET开发工程师,94%,北京标软信息技术有限公司,9000-10000,北京,招聘中,http://jobs.zhaopin.com/361838213250409.htm,1、根据设计文档进行软件界面和后台逻辑开发；2、快速熟悉业务，对接手的项目能够快速接受；3、根据需求对软件提出自己的实现思路；4、对于业务范围所需要的专业资料进行查找和使用。,1、计算机或相关专业本科以上学历，具有二年或以上C#开发经验；2、熟练掌握Oracle/SqlServer中的一种或多种数据库，具有扎实的数据库基础知识，有一定数据库设计能力；3、熟练掌握Windows平台下winform软件开发技术；4、较强的学习能力和编码能力，富有责任心，具有良好的沟通能力，团队合作精神。,北京市海淀区花园北路35号健康智谷,2018-03-18,北京,民营,100-499人,,不限,9000-10000元/月
北京,.net,.net开发工程师,93%,江山永泰投资控股有限公司,6000-10000,北京,招聘中,http://jobs.zhaopin.com/690977225250428.htm,,,北京市海淀区正福寺10号,2018-03-18,北京,上市公司,1000-9999人,,本科,6000-10000元/月
北京,.net,.net工程师,92%,北京瑞祥佳艺建筑装饰工程有限公司,8000-10000,北京-海淀区,最近,http://jobs.zhaopin.com/121052750254613.htm,1、从事.NET软件产品的开发和维护；2、负责相关产品前端网站的架构设计页面交互开发工作；3、负责业务子模块/子系统的设计和编码，单元测试工作；4、参与项目需求和技术方案的交流与讨论,1、具备国家统招大专及以上学历，计算机相关专业毕业；2、具有三年以上.NET相关工作经验；3、熟悉.NET框架，熟悉C#ASP.NET应用程序开发；4、精通B/S开发方向，MVC使用两年以上；5、思维清晰，善于推理和学习，对新事务和技术好奇，具备钻研精神和团队合作精神； 6、具备良好的口头、书面表达能力；7、具有强大的抗压能力,北京市海淀区永定河路388路,2018-03-18,北京-海淀区,民营,1000-9999人,3-5年,大专,8000-10000元/月
北京,.net,.net 开发工程师（在线教育集团）,92%,北京教培师训网络科技股份有限公司,8000-12000,北京-海淀区,招聘中,http://jobs.zhaopin.com/486229825250710.htm,1、维护平台日常工作；2、根据公司研发管理要求及项目需求，承担软件需求开发工作；3、负责项目中各个功能的代码实现、维护及升级工作；4、与项目相关管理、测试和需求等人员沟通和合作； ,1、计算机或相关专业本科学历以上，英语四级或以上水平；2、3年以上asp.net架构软件系统开发经验，具有带领3人以上团队独立开发2-3个以上信息系统经验者优先；3、熟练掌握asp.net的各种开发技术，尤其熟练掌握C#开发语言，精通jQuery，Ajax技术，熟悉MVC开发模式；4、熟练掌握SQLServer2005或2008数据库开发技术，熟悉SQL语言，可以编写复杂SQL语句、与存储过程；5、熟悉软件工程的实际应用，参与过敏捷式开发流程者优先。 ,海淀区北三环中路44号3幢1001室,2018-03-18,北京-海淀区,民营,100-499人,3-5年,大专,8000-12000元/月
北京,.net,.net软件开发工程师[北京],92%,北京筑业志远软件开发有限公司,8001-10000,北京,最近,http://jobs.zhaopin.com/CC296707312J00021091615.htm,1、负责相关产品或项目的需求调研和需求分析、系统设计，并编写相关技术文档；2、精通B/S框架开发，负责项目系统框架架构和核心代码编写，为能解决开发中的技术难题；3、精通后端底层框架技术，及相应的设计模式，能独立完成模块的设计、编码、测试工作，有良好的编码习惯；4、按公司业务需求，带领团队按质按时完成项目开发任务；5、很强的分析能力，解决问题和修复软件bug的能力；6、逻辑思维清晰，具有良好的口头与书面交流能力，较好的团队合作能力和沟通能力。,1、计算机及相关专业，5年以上工作经验或有三个以上C/S或B/S大中型项目开发经验；2、熟悉MVC，Nhibernate，Spring.Net架构，精通C#语言及ASP.net开发及相关开发工具；3、精通数据库基本原理，有Oracle/MicrosoftSQLserver/MySql开发经验，熟练应用SQL语言，存储过程，触发器；  4、了解企业管理软件，了解系统安全，性能优化等方面技术，有进销存系统、ERP系统开发经验者优先；5、熟悉HTML、JavaScript、JQuery、LinQ、CSS、XML、WebService、AJAX等技术；6、有互联网电商项目开发经验者优化。,北京市海淀区西三旗泰华龙旗广场E座13层,2018-03-18,北京,民营,100-499人,,大专,8001-10000元/月
北京,.net,.Net开发工程师（北京）,90%,深圳市芒柠科技有限公司,10000-16000,北京-海淀区,最近,http://jobs.zhaopin.com/466965980250040.htm,1、参与公司平台及大型管理软件平台的开发；2、参与公司其它、Net技术相关产品和软件项目开发；3、根据公司技术文档规范编写相应的技术文档； ,1、大专以上学历，计算机类、通信类相关专业，三年以上、NET开发、产品设计和架构经验，至少一年技术部门成功管理经验，对团队管理与建设有独特经验。2、熟悉软件项目管理PMP、CMM3、信息管理、计算机语言、UML和数据库等，3、掌握、NET开发平台，精通C#语言，熟悉ASP、NETMVC框架或WEBAPI框架，精通、NET平台开发。精通IS/CSS，熟悉iQuery等框架。,北京市海淀区东北旺西路八号中关村软件园9号楼国际软件大厦,2018-03-18,北京-海淀区,民营,20-99人,1-3年,大专,10000-16000元/月
北京,.net,.Net开发工程师,90%,河北志晟信息技术股份有限公司,15000-25000,北京-朝阳区,最近,http://jobs.zhaopin.com/184076422250168.htm,1.熟练掌握.net代码的编写，掌握测试知识；2.配合团队人员工作，保证高质高效完成项目任务；3.根据开发规范与流程独立完成模块的设计、编码、测试以及相关文档；4.参与软件的需求分析，提供软件发展功能性建议；5.富有执行力，有责任感，表达能力强;,1. 计算机相关专业，专科以上学历，三年以上工作经验；2. 精通Microsoft.NETFramework3.5以上框架；精通mvc开发框架；理解.NetFramework;理解并熟练使用WebService，WCF，Bootstrap3. 熟练掌握MySql关系型数据库和SQL语言，并对数据库优化有充分的理解；4. 有APP服务端开发经验者优先；有Memcached、mongodb、redis使用经验者优先；5. 喜欢C#，诚实，爱钻研，能承受一定工作压力；6. 善于与人沟通，良好的团队合作精神和高度的责任感，能够承受压力，有良好的编码习惯，有创新精神，保证工作质量；,北京市朝阳区酒仙桥路52号院1号楼B座2层202,2018-03-18,北京-朝阳区,上市公司,100-499人,3-5年,大专,15000-25000元/月
北京,.net,信息化技术部-.NET软件开发工程师-,88%,北京诚益通控制工程科技股份有限公司,10001-15000,北京-大兴区,招聘中,http://jobs.zhaopin.com/252212319251607.htm,1、软件的程序设计与代码编写，负责有关技术方案，文档的编写，软件单元的测试；2、根据项目具体要求，承担开发任务，按计划完成任务目标；配合系统分析人员完成软件系统以及模块的需求调研、需求分析；3、协助测试人员完成软件系统及模块的测试，协助工程管理人保证项目的质量；4、负责项目实施及技术支持。,1、大学专科及以上学历，从事软件开发2年以上工作经验；2、熟练使用.NET框架、C#语言、ASP.NET、WCF，熟练使用Visual Studio 2010相关开发工具；或熟练掌握J2EE核心技术，熟悉Spring、Struts、Hibernate、ExtJs、JQuery等开源框架，熟悉使用应用服务器；熟悉Linux，对常用部署方案如was，tomcat，nginx等有丰富的经验；3、熟悉B/S和C/S两种结构模式，具有中型（200万以上）项目以上的开发经验，熟悉面向对象编程；4、掌握至少一种主流数据库的使用，熟练使用SQL语句、存储过程、各种复杂的查询；5、熟悉数据库接口程序，Web Services或WCF技术。,北京市大兴区生物医药产业基地庆丰西路27号,2018-03-18,北京-大兴区,上市公司,500-999人,3-5年,本科,10001-15000元/月
北京,.net,NET工程师,87%,北京瑞祥佳艺建筑装饰工程有限公司,8000-13000,北京-海淀区,招聘中,http://jobs.zhaopin.com/121052750254461.htm,1.按照项目计划进行产品的设计，开发，和维护；2.参与项目相关模块的开发，代码编写及单元测试；3.根据公司技术文档规范编写相应的技术文档与维护；4.修复项目组安排的程序Bug，并保证通过相关测试；5.快速完成领导交给的开发任务。,1.专科及以上学历，计算机或相关专业毕业，学习能力强、思维开阔；2.熟悉.NETFramework，对.Net基础架构与开发模型有一定认识，熟练运用C#.NETMVC进行网站/业务系统开发；3.熟练运用SQLServer，能熟练编写存储过程与T-SQL语句；4.熟练运用Html、Javascript，jquery，Ajax，CSS等能应用互联网各种流行的前台脚本技术进行BS开发并进行浏览器兼容性调试；5.熟练使用VS2013、Visio、PowerDesigner、TFS/SVN等开发与管理工具；6.具备积极的工作热情和高效地执行力，善于沟通，团队合作能力好，能够承受较大的工作压力。工作地址北京市海淀区永定河路388路,北京市海淀区永定河路388路工作地址北京市海淀区永定河路388路,2018-03-18,北京-海淀区,民营,1000-9999人,3-5年,不限,8000-13000元/月
北京,.net,.Net中级技术工程师,81%,北京中致投资管理有限公司,10001-15000,北京-丰台区,最新,http://jobs.zhaopin.com/684154228251015.htm,   1、熟悉软件开发流程，根据公司战略要求，负责对公司产品进行需求分析，制定实施计划及交付周期   2、根据公司产品需求，完成产品的数据架构与设计实现   3、全程参与产品的需求分析、设计实现、数据架构及产品研发   4、积极配合产品设计，保证从产品设计到产品输出的顺利进行   5、合理安排研发工作，按照要求完成产品的研发任务   6、用于探索新技术，并不断将新技术应用到公司产品中，不断完善技术方案   7、积极配合项目经理完成项目技术难点攻坚，顺利完成项目任务   8、负责与项目经理接口，熟悉项目的开发计划，完成项目的概要设计及数据库设计；   9、按计划完成功能模块的功能设计、代码实现，代码编写和单元测试，并提交测试人员进行功能测试；   10、与测试人员对接，完成产品相关功能模块的升级及BUG修复；   11、完成项目相关文档例如《详细设计说明书》等的编写；   12、严格遵守相关开发工具的编码规范；   ,   1、本科及以上学历，计算机相关专业，三年以上工作经验   2、有呼叫中心系统开发经验者优先；   3、精通.NET开发平台，有大型B2C网站、CRM系统开发经验者优先   4、精通JQuery、Javascript、Html、CSS等主流前端技术，能够解决简单的前端问题   5、具有良好的逻辑思维能力，工作细致，责任心强，学习能力强，能够及时辅导本部门其他人员完成任务   6、具备良好的工作热情，能承受较大的工作压力，沟通交流能力好，团队合作意识强，并且具有忧患意识，积极解决产品中存在的隐患,北京市丰台区广安路9号院国投财富广场6号楼7层,2018-03-18,北京-丰台区,股份制企业,100-499人,3-5年,不限,10001-15000元/月
北京,.net,.net高级开发工程师（北京）-广正,81%,广联达科技股份有限公司,15001-20000,北京,招聘中,http://jobs.zhaopin.com/224763818261423.htm,1、参与功能模块的需求分析；2、编写功能模块的概要设计文档；3、现有系统平台和新项目的设计、开发、维护和管理；4、制定开发计划，独立完成模块级的设计及规划。,1、计算机相关专业本科以上学历；2、熟悉.net分层开发和分布式计算体系结构，4年以上.NET平台开发经验；3、5年以上B/S模式编程经验；4、熟练运用ASP.NETMVC、C#、JavaScript、Dapper，Autofac等进行编程；5、掌握XML、WEBSERVICE、WCF、web2.0等技术，6、熟悉SQLServer数据库，有一定的存储过程编写经验。,北京,2018-03-18,北京,民营,1000-9999人,5-10年,不限,15001-20000元/月
北京,.net,.net（C#）开发工程师,74%,资质管家(北京)信息技术有限公司,8000-15000,北京-海淀区,最近,http://jobs.zhaopin.com/330002932250021.htm,1. 根据项目具体要求，承担开发任务，按计划完成任务目标；2. 参与项目需求的系统分析与设计；3. 根据开发规范与流程独立完成模块的设计、编码、测试及相关文档；4. 对完成的代码进行检查和优化，提高产品易用性和性能；,1.22-28周岁之间，国家统招本科以上学历，计算机或其他相关专业；2. 精通.Net（C#）开发语言，有良好的编程习惯；3. 熟悉B/S框架，1年以上相关经验者优先；4. 有SQL Server数据库开发使用经验，处理大数据量经验者优先；5. 了解MVC的架构模式，熟悉Html、CSS/JS、JavaScript、Jquery；6. 以具备开发经验为佳，也欢迎对自己有信心的优秀应届生！ 旗下网站一58建筑网（www.58jianzhu.com）垂直于建筑行业，已经成为建筑服务行业的一面旗帜，点击率在同行业网站位居前列，是全国最大的“建筑人才类”分类信息网站。在行业内享有良好的声誉，是建筑企业招聘人才，建筑英才就业的首选平台。 旗下网站二资质管家（www.zizhiguanjia.com），是垂直于建筑行业的线上服务平台，主要为建筑企业提供公司注册、代理记账、人才猎头服务、建筑企业资质申办服务。利用互联网技术开创建筑行业的电商模式，开拓整合行业的资源，信息化对接客户需求，构建智能化在线资质报价系统，让创业及小微企业享受成本更低、效率更高、专业更强的服务。联系人王艺玮,北京市海淀区北四环西路66号中国技术交易大厦,2018-03-18,北京-海淀区,民营,100-499人,1-3年,本科,8000-15000元/月
北京,.net,Network engineer,,慧与(中国)有限公司,10001-15000,北京,招聘中,http://jobs.zhaopin.com/394414537250176.htm,1.     Operationssupport，networkmonitoring，troubleshootingandconfigurationmanagementfor–a.    WAN/LAN/WLAN/DCb.    Firewall/VPNc.     AAAd.    DNS/DHCPe.     UCf.     Othernetworkrelatedtechnicalareas2.    2ndlevelsupportofIThelpdeskandclientserviceteam3.    Securityadministrationi.e.firewallrequestandoperations，networkzonesmanagement，NAC4.    Technicalsupportforprojectteam5.    Maintainservicereportandtechnicaldocument ,1.     Atleast2yearshandsonnetworkoperationsexperiencesinenterpriseleveldatacentergroup/organization2.    Goodknowledgea.    Routingandswitching，wirelessnetworksb.    Cisco，Juniper，Bluecat，Checkpointproductsc.     Authentication，authorization，accounting3.    GoodwrittenandverbalcommunicationinbothChineseandEnglish，oralEnglishisveryimportant4.    Self-motivated，goodteamworkandabletoworkunderpressure5.    CCNPcertificated，CCIEwouldbeaplus6.    ITILisaplus ,北京朝阳区三里屯,2018-03-18,北京,外商独资,1000-9999人,3-5年,大专,10001-15000元/月
北京,.net,.net研发工程师,73%,北京思源时代科技有限公司,8000-13000,北京,招聘中,http://jobs.zhaopin.com/465950812250103.htm,1、设计、开发、维护、管理符合功能、性能要求的软件产品。2、平台规划与构思。3、项目的跟踪。4、对项目进行新技术使用、功能介绍培训。5、汇总每个项目的可重用成果，形成内部技术和知识方面的资源库。6、分析总结研发过程的经验和教训，提高研发质量。7、基础技术研究。8、部门技术资料管理。9、协助项目部进行售前技术培训。,1、IT相关专业本科以上学历；2、3年以上软件开发工作经验，有财务管理软件开发工作经验者为佳；3、精通.net下编程工具，熟悉SqlServer数据库；4、熟练开发winform程序，精通cs开发优先；5、具备编码和撰写文档的能力；6、熟悉软件开发流程、设计模式、体系结构；7、独立解决技术问题，有较强的创新意识；8、有一定的英语读写水平；9、工作严谨细致，有责任心，好学上进，善于思考；10、具有较强的时间观念，能够独立处理问题，同时具有团队合作精神。,北京市丰台区南四环西路188号十二区5号楼二层,2018-03-18,北京,民营,100-499人,3-5年,大专,8000-13000元/月
北京,.net,.net高级工程师,72%,北京天健源达科技股份有限公司,10001-15000,北京,招聘中,http://jobs.zhaopin.com/143596218251554.htm,,1.具备四年以上c#开发经验2.具备Oracle或其他大型关系型数据库开发经验3.具备一定的需求分析和数据库设计能力4.具备良好的沟通能力和表达能力5.计算机及其相关专业本科以上学历岗位职责1、完成软件系统代码的实现，编写代码注释和开发文档；2、分析并解决软件开发过程中的问题；3、协助测试工程师制定测试计划；4、有带领小组解决复杂任务的能力。 ,北京市中关村科技园丰台园昌宁大厦13,2018-03-18,北京,外商独资,500-999人,5-10年,本科,10001-15000元/月
北京,.net,Intern, Network Development,,北京梅赛德斯-奔驰销售服务有限公司/Beijing Mercedes-Benz Sales Service Co., Ltd.,面议,北京,招聘中,http://jobs.zhaopin.com/000614626263972.htm,,,北京市朝阳区望京街8号院利星行广场A座戴姆勒大厦,2018-03-18,北京,合资,1000-9999人,,本科,
北京,.net,.NET工程师,70%,优视健康科技公司,10000-15000,北京-丰台区,招聘中,http://jobs.zhaopin.com/136450662250966.htm,1、负责将公司交办网站设计图转成代码；2、负责对网站功能测试；4、负责对所有网站建立完善网站日志；备份代码。5、负责及时处理网站突发事件处理。6、负责对新建网站编写开发文档、树形图。编制完善的开发文档。7、优化用户视觉体验及完善页面设计流程；8、网站基于div+css架构的页面实现。9、进行页面编排工作，保证页面结构、色调的统一性，按时提交网站内容更新的计划、；,.net语言及网站开发相关软件C#，Asp.net，HTML以及javascript，CSS，DIV、XML，JSON，AJAX,北京丰台区万丰路308号顺和商务写字楼A308室,2018-03-18,北京-丰台区,股份制企业,20人以下,1-3年,本科,10000-15000元/月
北京,.net,.NET开发工程师（三年以上）,65%,北京法意科技有限公司,20001-30000,北京,招聘中,http://jobs.zhaopin.com/133257180251155.htm,1、负责核心功能的设计。2、负责核心代码的编写。3、负责组内其他成员的部分技术指导工作。4、技术岗位，至少5年以上开发经验。5、学习能力强，有责任心有担当。,1、熟练掌握面向对象的设计与编程方法，了解SOA，分布式架构等技术。2、掌握ASP.NetWebService开发，了解Remoting、WCF开发等分布式远程调用技术3、精通ASP.NETMVC等三层架构模式，多种开源框架，具有两个以上的系统架构设计经验；4、熟练掌握前端开发技术（HTML/CSS/JS)，掌握JQuery开发技能，掌握JqueryPlugin的开发技术。5、熟练操作XML，并有基于XML模型设计、开发思路。6、能够熟练编写需求文档，概要设计，详细设计文档。薪金待遇 1.公司会提供业内有竞争优势的薪资体系，具体面议2、五险一金、法定节假日、带薪年假、年终奖、婚假、产假、定期团建、节假福利等3.为激励公司非京籍骨干员工与公司共创佳绩，缓解在京的生活压力，为员工在北京生活提供便利条件，为员工办理北京市工作居住证联系方式 公司名称北京法意科技有限公司官方网站http//www.lawyee.com总公司地址北京市西城区西直门北大街49号院9号楼法意科技5层HR邮箱lawyeehr@lawyee.net   乘车路线 1、乘坐地铁2号线、4号线、13号线在西直门站下车，E2或A2出口出，绕过北京北站北广场，步行约600米至法意科技（如家酒店南侧）。  2、乘387、392、21路等公交车，索家坟站下车，南行约300米至法意科技（如家酒店南侧）。工作地址西城区西直门北大街49号院9号楼法意科技5层,西城区西直门北大街49号院9号楼法意科技5层工作地址西城区西直门北大街49号院9号楼法意科技5层,2018-03-18,北京,股份制企业,100-499人,3-5年,大专,20001-30000元/月
北京,.net,.net 工程师/.net Engineer（北京）,,绫致时装（天津）有限公司/Bestseller Fashion Group (Tianjin) Co.,Ltd,面议,北京,招聘中,http://jobs.zhaopin.com/00042326590283847000.htm,工作职责1.搭建基础运维架构，对新技术和方案进行尝试和测试，用技术满足业务发展需求；2.责流程&相关应用系统的部署与调试，DEMO开发3.维护绫致系统的各项服务，持续查找并修复问题，做保障业务稳定运行工作；4.应急响应线上故障报警，在故障时成为快速解决问题并恢复业务的使用；5.积累系统运维的最佳实践，制定运维规范和策略，并实现文档化。,1.熟悉ASP.NET/C#，并具有实际B/S项目开发经验；2.熟练掌握XML、WebService技术、HTML，Javascript，CSS等相关技术；3.熟悉掌握SQLServer、Oracle数据库设计及SQL脚本；4.3年以上相关工作经验；5.有BMP系统开发经验和具有企业应用项目经验者优先；6.有团队精神，较强的分析能力，沟通顺畅。注此职位应聘邮箱为hrm@bestseller.com.cn,朝阳区光华路9号世贸天阶D座15层（地铁10号线金台夕照站）,2018-03-18,北京,外商独资,10000人以上,1-3年,本科,
北京,.net,.net研发工程师,,金现代信息产业股份有限公司,5500-10000,北京,招聘中,http://jobs.zhaopin.com/342271710250765.htm,1.使用.net进行系统的设计和开发工作；2.完成相关技术文档的编写；3.领导交办的其他工作。,1.统招本科及以上学历，计算机相关专业；2.熟练使用C#语言；3.熟悉Oracle、MSSQLSERVER、MYSQL等数据库，熟练使用SQL语言；4.熟悉常用Web应用服务器的配置和应用，熟悉必要的开发工具、建模工具、版本控制工具；5.具有良好的语言表达能力和沟通能力。岗位福利1.试用期1-3个月，试用期交缴五险一金；2.每周5天工作制，享受国家法定节假日；3.每年4次节日福利，组织国内旅游；4.公司提供免费住宿，并报销宿舍水电费、网络宽带费、床上用品购买费等宿舍日常费用；5.职员可每月报销一次从昆明回老家的交通费；6.公司为职员提供系统的技能提升与职业生涯规划培训，提供管理或技术上升通道。,北京,2018-03-18,北京,民营,1000-9999人,,本科,5500-10000元/月
北京,.net,.NET工程师,,北京汉克时代科技有限公司,10001-15000,北京-朝阳区,最近,http://jobs.zhaopin.com/493150925251328.htm,,,北京朝阳区东三环环球金融中心13层,2018-03-18,北京-朝阳区,民营,500-999人,3-5年,本科,10001-15000元/月
北京,.net,c#/.NET开发工程师,,航天信息股份有限公司,10001-15000,北京-海淀区,招聘中,http://jobs.zhaopin.com/000422230253639.htm,1.负责系统的编码实现；2.参与系统的详细设计；3.负责系统自测及优化修改；4.完成系统日常运维及支持。,1.计算机、软件工程、自动化、数学等相关专业，本科以上学历，有软件开发实习经历优先；2.熟练掌握C#WinForm程序开发，或ASP.NETWeb编程；3.熟悉C#中网络通讯、多线程、数据库、XML等相关开发技术；4.熟悉SQL编写，至少熟练使用MSSQLServer、Oracle和MySQL中的一种；5.编码规范、高效，有较好的文档编写能力；,海淀区杏石口路甲18号,2018-03-18,北京-海淀区,国企,1000-9999人,,不限,10001-15000元/月
